id,currency_id,total_price,created_at,location_id,actor_id,cancelled_at,cancel_reason,group_id,category_id,subcategory_id
1,4,0.84,"2022-04-13 15:19:02+00:00",2,28,"","",9,3,1
2,1,0.02,"2022-01-06 21:59:07+00:00",3,28,"","",47,2,10
3,3,0.44,"2022-10-14 14:46:46+00:00",3,28,"","",2,3,9
4,4,0.61,"2022-02-28 08:55:26+00:00",1,28,"","",25,2,7
5,4,0.58,"2022-06-12 18:06:08+00:00",3,28,"","",23,3,9
6,1,0.64,"2022-02-06 05:35:22+00:00",1,28,"","",6,2,8
7,3,0.97,"2022-02-28 10:25:13+00:00",5,28,"","",28,1,5
8,2,0.95,"2022-05-20 07:23:15+00:00",4,28,"","",32,2,9
9,3,0.54,"2022-01-19 21:29:46+00:00",3,28,"","",14,1,11
10,1,0.95,"2022-04-08 01:11:00+00:00",1,28,"","",20,2,9
11,2,0.18,"2022-02-11 12:11:23+00:00",4,28,"","",8,2,10
12,1,0.7,"2022-10-02 12:27:36+00:00",5,28,"","",6,1,11
13,3,0.22,"2022-05-11 17:56:35+00:00",4,28,"","",1,2,5
14,4,0.68,"2022-04-04 12:40:32+00:00",2,28,"","",34,3,2
15,4,0.27,"2022-05-04 08:44:18+00:00",2,28,"","",8,1,12
16,4,0.22,"2022-08-21 15:54:05+00:00",4,28,"","",1,2,4
17,3,0.78,"2022-05-28 01:57:40+00:00",5,28,"","",3,3,8
18,1,0.41,"2022-05-18 07:41:54+00:00",2,28,"","",19,2,8
19,2,0.86,"2022-06-01 13:52:50+00:00",2,28,"","",49,1,10
20,1,0.09,"2022-06-13 11:49:50+00:00",5,28,"","",10,3,15
21,3,0.88,"2022-02-10 10:26:02+00:00",2,28,"","",31,2,10
22,2,0.02,"2022-06-20 13:46:10+00:00",4,28,"","",47,2,11
23,4,0.35,"2022-04-06 12:12:52+00:00",5,28,"","",17,2,8
24,4,0.63,"2022-01-17 02:06:34+00:00",5,28,"","",48,1,8
25,2,0.27,"2022-07-23 01:27:52+00:00",4,28,"","",7,2,8
26,1,0.16,"2022-10-20 00:27:40+00:00",2,28,"","",31,3,4
27,3,0.99,"2022-03-22 09:30:32+00:00",4,28,"2022-05-21 09:30:32+00:00","Market.",32,1,7
28,1,0.93,"2022-06-15 03:18:53+00:00",4,28,"","",27,2,4
29,1,0.74,"2022-10-09 02:05:04+00:00",5,28,"","",19,2,2
30,4,0.48,"2022-03-06 00:16:35+00:00",4,28,"","",22,1,4
1,1,0.33,"2022-07-09 12:02:56+00:00",5,35,"","",14,3,3
2,4,0.95,"2022-08-07 22:47:55+00:00",1,35,"","",38,1,4
3,2,0.09,"2022-01-18 10:06:46+00:00",3,35,"","",46,1,12
4,1,0.32,"2022-06-23 12:27:15+00:00",5,35,"","",36,1,12
5,2,0.35,"2022-05-15 15:49:36+00:00",2,35,"","",20,1,10
6,1,0.69,"2022-04-28 10:38:51+00:00",3,35,"","",45,3,13
7,2,0.2,"2022-08-06 08:29:46+00:00",3,35,"","",9,3,1
8,4,0.32,"2022-05-20 14:35:22+00:00",3,35,"","",27,2,7
9,2,0.81,"2022-03-27 19:11:24+00:00",1,35,"","",6,2,2
10,1,0.56,"2022-07-01 07:00:12+00:00",3,35,"","",39,2,11
11,3,0.75,"2022-07-02 09:32:20+00:00",5,35,"","",34,2,13
12,4,0.23,"2022-07-03 15:34:32+00:00",4,35,"","",14,2,5
13,2,0.54,"2022-09-03 04:29:11+00:00",2,35,"","",22,2,7
14,3,0.1,"2022-09-25 07:51:50+00:00",4,35,"","",14,1,8
15,3,0.34,"2022-05-09 08:20:27+00:00",1,35,"","",31,3,5
16,2,0.85,"2022-10-18 21:03:02+00:00",4,35,"","",16,2,14
17,1,0.89,"2022-08-13 05:22:26+00:00",1,35,"","",11,3,7
18,3,0.27,"2022-05-16 11:03:29+00:00",5,35,"","",37,1,2
19,2,0.69,"2022-04-02 09:08:30+00:00",1,35,"","",30,2,10
20,1,0.6,"2022-09-13 00:27:41+00:00",3,35,"","",11,1,12
21,1,0.16,"2022-02-05 13:36:02+00:00",3,35,"","",21,1,9
22,2,0.11,"2022-03-31 23:25:50+00:00",3,35,"","",49,1,9
23,1,0.98,"2022-10-28 15:16:58+00:00",2,35,"","",24,2,11
24,4,0.15,"2022-04-09 04:45:34+00:00",2,35,"","",40,2,4
25,3,0.1,"2022-07-06 18:30:03+00:00",3,35,"","",4,3,14
26,4,0.27,"2022-10-13 10:29:21+00:00",5,35,"","",25,1,14
27,2,0.64,"2022-10-29 06:32:28+00:00",2,35,"2022-12-01 06:32:28+00:00","Child or.",12,3,6
28,2,0.45,"2022-07-31 22:39:10+00:00",3,35,"","",33,1,15
1,3,0.94,"2022-01-14 04:50:53+00:00",4,91,"","",41,1,13
2,2,0.58,"2022-04-28 11:17:56+00:00",1,91,"","",49,3,6
3,2,0.94,"2022-04-06 23:18:41+00:00",3,91,"","",15,2,10
4,4,0.09,"2022-04-16 20:38:36+00:00",3,91,"","",5,2,10
5,3,0.28,"2022-08-07 23:16:04+00:00",3,91,"","",23,1,2
6,2,0.94,"2022-05-30 18:31:31+00:00",1,91,"","",5,2,3
7,1,0.44,"2022-10-08 20:57:42+00:00",2,91,"","",27,3,7
8,2,0.07,"2022-10-15 03:21:22+00:00",5,91,"","",12,3,15
9,4,0.15,"2022-02-14 06:43:46+00:00",4,91,"","",48,1,3
10,4,0.65,"2022-05-22 19:14:52+00:00",5,91,"","",15,1,1
11,2,0.54,"2022-05-25 15:45:38+00:00",4,91,"","",15,1,11
1,3,0.9,"2022-01-15 09:47:24+00:00",4,73,"","",8,2,1
2,1,0.58,"2022-01-10 20:33:47+00:00",5,73,"","",22,2,6
3,1,0.19,"2022-04-29 19:00:49+00:00",1,73,"","",19,1,5
4,4,0.5,"2022-05-06 01:15:39+00:00",5,73,"","",7,1,10
5,4,0.69,"2022-01-15 13:18:39+00:00",5,73,"","",34,3,9
6,3,0.56,"2022-06-30 02:28:46+00:00",3,73,"","",6,3,9
7,3,0.44,"2022-07-23 00:36:20+00:00",4,73,"","",20,1,15
8,1,0.76,"2022-06-21 01:13:42+00:00",5,73,"","",41,2,6
9,2,0.84,"2022-06-21 01:01:00+00:00",4,73,"","",3,1,8
10,1,0.34,"2022-04-28 20:06:27+00:00",2,73,"","",1,2,2
11,2,0.92,"2022-09-27 09:24:09+00:00",3,73,"","",50,2,1
12,3,0.36,"2022-04-19 03:16:24+00:00",5,73,"","",41,3,8
13,4,0.02,"2022-06-18 15:04:45+00:00",1,73,"","",5,3,3
14,1,0.53,"2022-01-05 09:46:02+00:00",1,73,"","",17,2,7
15,4,0.34,"2022-10-03 19:30:27+00:00",4,73,"","",42,1,8
16,2,0.62,"2022-07-12 21:01:13+00:00",1,73,"","",4,1,12
17,3,0.58,"2022-03-23 06:35:32+00:00",1,73,"","",7,2,2
1,2,0.44,"2022-02-06 00:18:08+00:00",2,72,"","",21,3,13
2,1,0.72,"2022-07-16 15:01:34+00:00",2,72,"","",46,2,7
3,1,0.47,"2022-01-11 03:34:18+00:00",3,72,"","",2,2,11
4,2,0.9,"2022-04-30 07:26:37+00:00",4,72,"","",47,3,5
5,3,0.77,"2022-05-24 07:35:43+00:00",5,72,"","",24,3,10
6,2,0.68,"2022-06-23 07:56:10+00:00",5,72,"","",44,3,10
7,2,0.37,"2022-08-26 11:30:42+00:00",3,72,"","",45,2,13
8,2,0.92,"2022-01-07 01:31:14+00:00",4,72,"","",29,3,14
9,1,0.61,"2022-04-27 07:09:52+00:00",1,72,"","",10,1,15
10,4,0.83,"2022-08-24 04:03:53+00:00",1,72,"","",16,2,4
11,1,0.23,"2022-06-28 05:53:55+00:00",5,72,"","",9,1,11
12,2,0.49,"2022-10-21 01:43:06+00:00",3,72,"","",48,3,7
13,4,0.2,"2022-07-17 18:51:53+00:00",4,72,"","",17,1,5
14,1,0.34,"2022-06-05 19:41:39+00:00",3,72,"","",22,3,4
15,3,0.76,"2022-02-06 16:13:48+00:00",4,72,"","",29,3,6
16,2,0.97,"2022-08-08 23:40:21+00:00",5,72,"","",10,1,4
17,4,0.73,"2022-03-13 02:00:23+00:00",1,72,"","",38,3,7
18,2,0.74,"2022-01-03 19:24:39+00:00",4,72,"","",34,1,13
19,3,0.38,"2022-06-25 17:20:28+00:00",3,72,"","",43,3,5
20,2,0.79,"2022-10-15 05:41:21+00:00",3,72,"","",20,2,15
21,2,0.03,"2022-01-02 01:33:42+00:00",2,72,"","",7,1,14
22,4,0.13,"2022-01-23 18:59:12+00:00",2,72,"","",11,1,15
23,4,0.39,"2022-07-21 17:36:45+00:00",5,72,"","",44,1,11
24,2,0.02,"2022-04-24 13:50:51+00:00",1,72,"","",8,2,15
25,4,0.63,"2022-09-23 21:43:57+00:00",5,72,"","",39,2,6
26,4,0.2,"2022-09-13 13:58:41+00:00",5,72,"","",42,3,11
27,2,0.46,"2022-02-12 01:38:25+00:00",2,72,"2022-02-18 01:38:25+00:00","Board new.",31,3,13
28,3,0.64,"2022-01-05 06:40:31+00:00",5,72,"","",25,2,8
29,4,0.37,"2022-10-25 09:37:57+00:00",5,72,"","",24,2,9
30,2,0.38,"2022-01-22 14:26:25+00:00",1,72,"","",21,1,15
31,1,0.17,"2022-07-31 01:56:49+00:00",3,72,"","",13,3,6
32,4,0.53,"2022-01-18 10:59:03+00:00",1,72,"","",10,2,3
33,4,0.55,"2022-06-18 05:51:13+00:00",2,72,"","",13,1,5
34,2,0.17,"2022-07-05 21:09:13+00:00",1,72,"","",5,2,8
35,2,0.45,"2022-05-15 12:26:53+00:00",2,72,"","",14,2,3
36,4,0.27,"2022-03-17 20:37:34+00:00",4,72,"","",32,1,14
37,2,0.99,"2022-04-17 22:59:08+00:00",2,72,"","",24,1,11
1,4,0.9,"2022-05-22 07:46:51+00:00",1,90,"","",37,3,13
2,3,0.24,"2022-08-04 13:25:49+00:00",4,90,"","",25,2,10
3,4,0.34,"2022-04-23 06:38:24+00:00",4,90,"","",26,2,15
4,3,0.16,"2022-09-07 22:52:04+00:00",4,90,"","",16,1,2
5,3,0.32,"2022-06-06 08:18:28+00:00",3,90,"","",40,3,9
6,3,0.72,"2022-07-16 06:39:25+00:00",3,90,"","",17,2,7
7,4,0.23,"2022-06-23 12:41:17+00:00",1,90,"","",23,1,3
8,4,0.91,"2022-09-21 17:10:27+00:00",3,90,"","",24,1,13
9,2,0.12,"2022-05-06 20:07:43+00:00",5,90,"","",8,2,5
10,4,0.6,"2022-03-06 22:36:39+00:00",3,90,"","",20,1,8
11,3,0.74,"2022-01-25 14:32:12+00:00",4,90,"","",35,3,11
12,3,0.39,"2022-07-23 01:24:15+00:00",2,90,"","",42,1,3
13,1,0.12,"2022-06-11 01:45:09+00:00",3,90,"","",25,2,5
14,3,0.91,"2022-04-28 20:54:42+00:00",2,90,"","",39,2,1
15,3,0.03,"2022-08-26 15:29:29+00:00",4,90,"","",41,3,15
16,3,0.07,"2022-03-07 03:40:41+00:00",2,90,"","",36,3,7
17,1,0.85,"2022-01-02 09:47:55+00:00",5,90,"","",50,2,10
18,2,0.14,"2022-03-26 04:20:09+00:00",2,90,"","",21,3,7
19,1,0.51,"2022-07-03 00:56:44+00:00",5,90,"","",15,2,15
20,3,0.58,"2022-03-12 10:57:53+00:00",5,90,"","",20,3,4
21,3,0.22,"2022-03-02 05:11:26+00:00",1,90,"","",17,2,13
22,2,0.34,"2022-01-01 00:18:45+00:00",1,90,"","",29,1,10
23,3,0.26,"2022-01-10 12:50:59+00:00",2,90,"","",45,2,1
24,1,0.22,"2022-10-24 16:31:26+00:00",3,90,"","",38,3,5
25,1,0.12,"2022-08-11 11:13:44+00:00",3,90,"","",47,1,4
26,2,0.83,"2022-07-28 16:45:13+00:00",1,90,"","",8,3,6
27,3,0.22,"2022-08-22 08:37:34+00:00",3,90,"2022-10-04 08:37:34+00:00","Contain.",21,2,12
28,2,0.93,"2022-05-10 17:33:40+00:00",1,90,"","",12,1,4
29,1,0.8,"2022-04-09 01:32:41+00:00",2,90,"","",28,2,10
30,4,0.61,"2022-06-21 16:42:27+00:00",1,90,"","",17,3,11
31,4,0.49,"2022-02-12 02:34:13+00:00",2,90,"","",38,3,11
32,1,0.99,"2022-01-07 16:35:11+00:00",3,90,"","",29,2,6
33,2,0.71,"2022-06-29 17:12:06+00:00",5,90,"","",45,3,10
34,4,0.61,"2022-07-08 05:30:04+00:00",2,90,"","",38,3,5
35,4,0.22,"2022-09-27 08:04:29+00:00",5,90,"","",3,2,15
36,1,0.1,"2022-10-06 08:03:58+00:00",3,90,"","",41,1,11
37,1,0.64,"2022-05-26 23:34:02+00:00",4,90,"","",47,1,1
38,3,0.41,"2022-09-05 07:16:29+00:00",2,90,"","",24,2,14
39,4,0.64,"2022-02-20 02:30:35+00:00",2,90,"","",35,2,13
40,3,0.38,"2022-01-28 01:40:57+00:00",3,90,"","",3,1,14
41,2,0.81,"2022-08-11 23:25:46+00:00",5,90,"","",36,3,7
42,2,0.39,"2022-02-02 20:51:45+00:00",3,90,"","",22,3,3
43,4,0.69,"2022-03-12 21:30:27+00:00",3,90,"","",43,3,15
1,4,0.5,"2022-01-12 22:37:49+00:00",2,67,"","",10,3,4
2,4,0.24,"2022-02-13 18:48:05+00:00",3,67,"","",34,2,9
3,2,0.56,"2022-10-21 03:14:56+00:00",5,67,"","",6,2,13
4,4,0.08,"2022-07-14 12:25:18+00:00",4,67,"","",44,2,15
5,1,0.17,"2022-04-12 18:56:56+00:00",3,67,"","",42,1,8
6,1,0.48,"2022-03-24 11:44:30+00:00",2,67,"","",18,3,8
7,3,0.37,"2022-08-04 14:50:18+00:00",1,67,"","",35,3,11
8,4,0.45,"2022-09-08 18:50:37+00:00",4,67,"","",27,3,4
9,1,0.16,"2022-03-30 08:53:55+00:00",5,67,"","",49,1,8
10,1,0.63,"2022-01-06 12:32:19+00:00",2,67,"","",19,3,15
11,2,0.36,"2022-03-16 05:43:25+00:00",1,67,"","",32,1,9
12,2,0.43,"2022-07-29 06:12:00+00:00",1,67,"","",13,2,1
13,1,0.03,"2022-04-09 01:45:25+00:00",4,67,"","",46,3,2
14,2,0.72,"2022-05-01 16:50:58+00:00",1,67,"","",6,3,8
15,3,0.41,"2022-05-07 08:14:22+00:00",2,67,"","",15,1,3
16,3,0.03,"2022-03-26 23:07:07+00:00",3,67,"","",8,3,13
17,4,0.52,"2022-09-13 02:08:45+00:00",5,67,"","",11,1,12
18,2,0.06,"2022-08-20 08:04:34+00:00",4,67,"","",13,1,1
19,4,0.42,"2022-04-26 18:05:01+00:00",5,67,"","",27,3,15
20,3,0.11,"2022-04-25 17:53:35+00:00",1,67,"","",29,3,9
21,2,0.19,"2022-07-12 22:08:45+00:00",4,67,"","",22,2,4
22,1,0.22,"2022-09-01 18:42:34+00:00",5,67,"","",41,1,2
23,4,0.04,"2022-10-29 02:36:57+00:00",5,67,"","",12,1,13
24,2,0.65,"2022-02-06 23:31:50+00:00",4,67,"","",20,2,9
25,2,0.21,"2022-10-22 17:05:51+00:00",4,67,"","",42,3,8
26,4,0.67,"2022-01-26 09:02:53+00:00",5,67,"","",36,2,4
27,1,0.2,"2022-07-02 08:59:33+00:00",2,67,"2022-08-28 08:59:33+00:00","Capital.",35,2,8
28,4,0.37,"2022-07-25 03:05:52+00:00",1,67,"","",35,3,11
29,1,0.18,"2022-07-05 05:59:50+00:00",5,67,"","",34,1,12
1,3,0.01,"2022-02-13 23:48:24+00:00",2,48,"","",20,3,6
2,3,0.54,"2022-04-18 16:10:04+00:00",3,48,"","",12,1,6
3,4,0.75,"2022-07-02 09:59:42+00:00",4,48,"","",41,1,4
4,4,0.32,"2022-09-19 10:25:45+00:00",4,48,"","",43,3,15
5,2,0.51,"2022-07-17 07:25:26+00:00",5,48,"","",1,2,9
6,1,0.45,"2022-04-20 13:19:35+00:00",1,48,"","",11,2,4
7,3,0.54,"2022-05-21 10:20:01+00:00",1,48,"","",35,3,1
8,1,0.06,"2022-02-06 03:42:24+00:00",5,48,"","",39,3,11
9,3,0.23,"2022-07-06 20:07:30+00:00",1,48,"","",39,1,15
10,2,0.82,"2022-06-26 14:37:39+00:00",2,48,"","",23,2,5
11,1,0.82,"2022-04-05 14:36:37+00:00",2,48,"","",43,3,14
12,1,0.66,"2022-11-01 06:56:20+00:00",3,48,"","",27,2,8
13,4,0.71,"2022-09-14 05:27:06+00:00",2,48,"","",49,3,8
14,1,0.9,"2022-05-16 03:39:32+00:00",4,48,"","",5,1,13
15,3,0.62,"2022-09-01 16:38:16+00:00",3,48,"","",38,3,7
16,3,0.25,"2022-08-30 16:53:55+00:00",1,48,"","",26,1,1
17,2,0.34,"2022-05-14 03:27:01+00:00",3,48,"","",6,1,1
18,4,0.66,"2022-03-24 19:22:03+00:00",4,48,"","",50,2,10
19,1,0.84,"2022-05-12 10:26:46+00:00",3,48,"","",29,1,5
20,4,0.89,"2022-01-16 22:55:52+00:00",3,48,"","",19,1,14
21,1,0.8,"2022-04-07 20:24:43+00:00",3,48,"","",46,3,15
22,2,0.39,"2022-03-03 08:53:37+00:00",4,48,"","",24,2,10
23,4,0.48,"2022-04-21 08:57:34+00:00",2,48,"","",12,3,10
24,3,0.65,"2022-10-10 16:40:04+00:00",4,48,"","",34,3,11
25,2,0.28,"2022-05-02 02:45:27+00:00",5,48,"","",18,2,4
1,1,0.3,"2022-03-20 09:31:04+00:00",5,65,"","",47,1,12
2,4,0.61,"2022-08-24 19:16:10+00:00",1,65,"","",5,2,2
3,1,0.17,"2022-10-07 12:12:23+00:00",3,65,"","",24,1,7
4,3,0.43,"2022-04-07 18:02:16+00:00",3,65,"","",5,1,8
5,2,0.87,"2022-05-17 06:48:09+00:00",3,65,"","",10,3,7
6,3,0.89,"2022-02-03 15:29:22+00:00",5,65,"","",2,1,12
7,2,0.8,"2022-10-01 00:21:21+00:00",1,65,"","",8,2,6
8,3,0.29,"2022-06-09 02:56:44+00:00",3,65,"","",12,3,4
9,4,0.61,"2022-11-03 11:19:16+00:00",3,65,"","",25,1,15
10,3,0.95,"2022-07-06 04:32:35+00:00",3,65,"","",19,3,6
11,1,0.85,"2022-01-31 06:25:56+00:00",3,65,"","",27,3,14
12,3,0.25,"2022-07-15 13:30:37+00:00",3,65,"","",10,1,10
13,4,0.51,"2022-05-23 03:28:25+00:00",1,65,"","",23,2,13
14,2,0.56,"2022-09-14 21:40:03+00:00",3,65,"","",9,3,1
15,1,0.21,"2022-05-04 15:02:07+00:00",3,65,"","",38,2,5
16,4,0.25,"2022-10-09 07:55:59+00:00",1,65,"","",28,1,12
17,1,0.67,"2022-05-02 16:32:44+00:00",2,65,"","",48,1,5
18,3,0.28,"2022-06-03 18:57:00+00:00",4,65,"","",9,2,3
19,3,0.78,"2022-01-12 09:21:02+00:00",3,65,"","",18,1,10
20,4,0.46,"2022-02-03 09:52:26+00:00",2,65,"","",2,1,13
21,4,0.61,"2022-07-10 22:09:17+00:00",1,65,"","",2,2,4
22,4,0.72,"2022-08-23 15:12:02+00:00",1,65,"","",24,3,7
23,1,0.56,"2022-03-25 05:30:56+00:00",2,65,"","",8,1,11
24,2,0.34,"2022-06-13 11:53:21+00:00",3,65,"","",26,3,13
25,2,0.67,"2022-07-23 20:09:30+00:00",3,65,"","",10,1,15
26,4,0.17,"2022-09-19 23:47:16+00:00",3,65,"","",17,3,4
27,1,0.94,"2022-10-09 18:52:55+00:00",5,65,"2022-11-29 18:52:55+00:00","Yard rich.",39,2,7
28,3,0.39,"2022-02-21 21:53:06+00:00",4,65,"","",38,1,10
29,2,0.39,"2022-01-05 01:03:48+00:00",1,65,"","",27,3,11
30,4,0.54,"2022-03-05 00:22:26+00:00",5,65,"","",46,2,10
31,3,0.45,"2022-05-05 14:29:17+00:00",2,65,"","",23,2,4
32,3,0.28,"2022-08-26 02:37:28+00:00",1,65,"","",25,2,5
33,4,0.2,"2022-09-15 09:44:57+00:00",1,65,"","",47,3,5
34,1,0.37,"2022-04-16 19:27:40+00:00",2,65,"","",37,1,15
35,3,0.2,"2022-06-24 11:30:15+00:00",5,65,"","",48,1,2
36,2,0.71,"2022-07-22 23:34:14+00:00",2,65,"","",12,3,10
37,3,0.14,"2022-05-17 21:20:37+00:00",1,65,"","",32,3,8
38,1,0.71,"2022-08-31 01:17:01+00:00",2,65,"","",45,2,14
39,3,0.23,"2022-09-28 08:31:03+00:00",2,65,"","",12,1,8
1,1,0.98,"2022-09-26 23:12:16+00:00",1,80,"","",25,2,13
2,4,0.21,"2022-02-12 22:42:10+00:00",2,80,"","",13,3,1
3,2,0.47,"2022-03-19 10:43:58+00:00",3,80,"","",40,2,6
4,3,0.88,"2022-01-02 00:19:07+00:00",4,80,"","",43,3,12
5,1,0.87,"2022-10-07 23:25:52+00:00",3,80,"","",43,2,5
6,4,0.6,"2022-09-17 20:53:20+00:00",4,80,"","",41,1,7
7,1,0.85,"2022-06-23 15:04:39+00:00",4,80,"","",24,1,8
8,3,0.06,"2022-10-01 09:01:02+00:00",2,80,"","",26,1,3
9,2,0.02,"2022-07-08 08:23:06+00:00",3,80,"","",13,1,5
10,3,0.02,"2022-09-30 19:29:02+00:00",3,80,"","",35,1,10
11,4,0.11,"2022-09-22 11:01:40+00:00",3,80,"","",19,3,8
12,3,0.46,"2022-05-06 18:28:56+00:00",4,80,"","",38,2,12
13,4,0.08,"2022-02-13 11:17:11+00:00",1,80,"","",21,2,1
14,4,0.24,"2022-09-27 23:37:11+00:00",2,80,"","",10,3,12
15,1,0.46,"2022-09-30 21:58:12+00:00",2,80,"","",17,3,8
16,4,0.18,"2022-05-10 02:13:09+00:00",2,80,"","",35,2,3
17,4,0.65,"2022-09-07 04:56:20+00:00",3,80,"","",7,3,13
18,4,0.2,"2022-09-30 07:31:51+00:00",2,80,"","",23,2,12
19,2,0.02,"2022-02-05 00:16:16+00:00",3,80,"","",7,2,3
20,4,0.71,"2022-01-05 09:28:06+00:00",4,80,"","",46,2,2
21,4,0.03,"2022-02-23 21:56:12+00:00",2,80,"","",15,3,14
22,3,0.93,"2022-05-24 23:10:37+00:00",4,80,"","",29,2,12
23,1,0.66,"2022-09-12 02:44:33+00:00",4,80,"","",47,2,4
24,3,0.46,"2022-01-28 04:13:50+00:00",3,80,"","",7,2,12
25,3,0.63,"2022-02-08 22:07:42+00:00",3,80,"","",29,3,15
26,2,0.06,"2022-01-20 15:02:15+00:00",1,80,"","",48,3,7
27,2,0.66,"2022-05-21 13:11:27+00:00",2,80,"2022-06-07 13:11:27+00:00","Cost able.",17,1,7
28,3,0.07,"2022-07-16 14:17:16+00:00",1,80,"","",18,1,10
29,2,0.41,"2022-06-19 15:46:50+00:00",2,80,"","",17,1,12
30,1,0.98,"2022-08-14 10:56:08+00:00",4,80,"","",11,3,5
31,3,0.57,"2022-08-28 06:47:28+00:00",1,80,"","",9,3,11
1,2,0.42,"2022-04-28 18:17:06+00:00",5,22,"","",3,2,15
2,3,0.99,"2022-10-21 05:09:05+00:00",3,22,"","",46,1,11
3,4,0.2,"2022-08-13 22:43:45+00:00",3,22,"","",26,1,4
4,4,0.38,"2022-05-11 21:39:29+00:00",1,22,"","",3,3,1
5,1,0.39,"2022-10-20 01:47:35+00:00",4,22,"","",3,1,12
6,1,0.49,"2022-05-08 14:36:01+00:00",1,22,"","",31,2,8
7,2,0.84,"2022-06-07 05:41:50+00:00",2,22,"","",37,3,15
8,3,0.08,"2022-06-27 12:26:56+00:00",2,22,"","",18,2,12
9,3,0.94,"2022-09-05 05:49:50+00:00",3,22,"","",7,2,5
10,2,0.45,"2022-08-02 04:20:55+00:00",5,22,"","",35,1,2
11,4,0.86,"2022-10-14 07:45:24+00:00",4,22,"","",47,2,4
12,4,0.03,"2022-09-30 19:30:24+00:00",1,22,"","",13,3,14
13,2,0.97,"2022-05-03 05:46:50+00:00",2,22,"","",18,1,11
14,4,0.68,"2022-08-31 02:15:45+00:00",1,22,"","",27,1,10
15,3,0.29,"2022-02-01 09:57:13+00:00",1,22,"","",46,1,9
16,4,0.05,"2022-10-20 07:55:24+00:00",5,22,"","",23,3,7
17,3,0.42,"2022-10-21 02:55:05+00:00",2,22,"","",13,1,4
18,3,0.84,"2022-01-22 05:12:10+00:00",3,22,"","",11,3,9
19,4,0.59,"2022-05-20 13:33:17+00:00",3,22,"","",24,3,9
20,1,0.87,"2022-07-23 09:12:20+00:00",2,22,"","",27,2,1
21,4,0.18,"2022-03-24 05:39:39+00:00",3,22,"","",2,1,4
22,1,0.22,"2022-05-03 01:39:57+00:00",1,22,"","",36,1,13
23,3,0.33,"2022-03-16 14:42:10+00:00",1,22,"","",32,1,14
24,4,0.42,"2022-08-15 16:38:08+00:00",4,22,"","",27,3,11
25,2,0.91,"2022-03-20 03:49:48+00:00",5,22,"","",13,2,6
26,3,0.15,"2022-08-03 17:40:16+00:00",5,22,"","",35,3,7
27,4,0.84,"2022-08-11 04:38:25+00:00",2,22,"2022-08-29 04:38:25+00:00","Outside.",33,1,11
28,1,0.76,"2022-03-31 06:49:07+00:00",5,22,"","",20,3,2
29,3,0.63,"2022-10-21 03:08:26+00:00",1,22,"","",7,2,3
30,4,0.45,"2022-02-03 08:12:26+00:00",1,22,"","",40,3,13
31,3,0.6,"2022-01-01 19:50:06+00:00",3,22,"","",47,1,13
32,4,0.95,"2022-02-04 08:18:36+00:00",5,22,"","",27,3,10
1,3,0.24,"2022-09-25 01:04:22+00:00",3,38,"","",5,3,12
2,1,0.87,"2022-01-12 07:21:32+00:00",1,38,"","",5,2,4
3,2,0.95,"2022-04-05 22:22:08+00:00",5,38,"","",32,3,15
4,2,0.84,"2022-10-17 01:55:34+00:00",3,38,"","",33,2,5
5,1,0.94,"2022-03-10 23:14:31+00:00",5,38,"","",40,3,2
6,3,0.03,"2022-09-15 11:23:45+00:00",3,38,"","",40,1,2
7,2,0.79,"2022-02-09 20:28:25+00:00",3,38,"","",33,3,2
8,2,0.44,"2022-04-01 15:59:12+00:00",2,38,"","",2,3,4
9,4,0.08,"2022-05-12 00:20:03+00:00",2,38,"","",27,1,14
10,3,0.68,"2022-10-17 21:28:18+00:00",4,38,"","",49,2,6
11,2,0.55,"2022-05-10 12:16:55+00:00",1,38,"","",40,2,6
12,2,0.0,"2022-04-08 22:14:38+00:00",4,38,"","",3,1,2
13,2,0.34,"2022-10-02 22:40:57+00:00",2,38,"","",28,3,9
14,4,0.1,"2022-08-04 15:12:00+00:00",2,38,"","",24,1,8
15,4,0.16,"2022-07-12 09:24:23+00:00",4,38,"","",15,3,12
16,2,0.89,"2022-05-22 14:15:14+00:00",2,38,"","",40,2,14
17,2,0.51,"2022-05-27 15:11:16+00:00",3,38,"","",43,1,12
18,2,0.18,"2022-07-03 04:59:48+00:00",3,38,"","",47,3,2
19,2,0.93,"2022-07-12 04:45:40+00:00",4,38,"","",4,2,14
20,1,0.11,"2022-06-08 14:28:31+00:00",4,38,"","",20,1,9
21,2,0.97,"2022-04-16 06:57:50+00:00",4,38,"","",15,3,5
22,2,0.51,"2022-09-02 21:57:44+00:00",2,38,"","",43,3,11
23,1,0.64,"2022-09-12 12:46:09+00:00",3,38,"","",45,1,4
24,3,0.26,"2022-04-23 21:26:24+00:00",4,38,"","",34,2,5
25,4,0.77,"2022-01-12 04:28:36+00:00",3,38,"","",48,1,7
1,3,0.91,"2022-10-07 17:26:10+00:00",1,4,"","",25,3,15
2,4,0.75,"2022-04-30 10:36:18+00:00",3,4,"","",30,2,15
3,1,0.72,"2022-03-05 16:56:02+00:00",3,4,"","",35,2,13
4,1,0.66,"2022-04-26 21:47:17+00:00",3,4,"","",32,3,14
5,4,0.07,"2022-06-16 18:52:49+00:00",1,4,"","",49,3,9
6,4,0.57,"2022-06-20 12:44:27+00:00",2,4,"","",26,2,3
7,1,0.88,"2022-08-26 23:20:12+00:00",4,4,"","",18,1,9
8,2,0.92,"2022-10-10 01:05:42+00:00",3,4,"","",8,2,7
9,2,0.77,"2022-05-23 22:36:53+00:00",4,4,"","",2,1,8
10,2,0.24,"2022-04-01 10:33:38+00:00",3,4,"","",17,2,8
11,2,1.0,"2022-03-23 19:45:55+00:00",4,4,"","",4,2,5
12,4,0.63,"2022-01-22 00:39:39+00:00",2,4,"","",36,2,9
13,3,0.31,"2022-03-12 10:40:57+00:00",1,4,"","",39,2,9
14,1,0.73,"2022-01-13 13:06:44+00:00",4,4,"","",41,2,4
15,4,0.32,"2022-03-06 18:27:47+00:00",5,4,"","",31,3,1
16,1,0.28,"2022-05-18 13:42:19+00:00",3,4,"","",37,1,3
17,2,0.7,"2022-03-15 07:00:20+00:00",1,4,"","",20,3,7
18,1,0.96,"2022-08-28 23:35:50+00:00",5,4,"","",13,1,7
19,3,0.76,"2022-09-19 10:35:01+00:00",3,4,"","",6,1,15
20,2,0.4,"2022-05-06 12:27:50+00:00",3,4,"","",23,2,8
21,2,0.3,"2022-09-05 12:55:36+00:00",2,4,"","",38,2,14
22,1,0.4,"2022-07-22 22:49:07+00:00",4,4,"","",20,2,14
23,1,0.34,"2022-03-16 13:05:58+00:00",4,4,"","",42,3,3
24,1,0.62,"2022-09-19 20:51:31+00:00",3,4,"","",23,1,8
25,2,0.23,"2022-06-22 11:32:52+00:00",2,4,"","",23,1,15
26,3,0.99,"2022-06-26 19:17:08+00:00",3,4,"","",39,2,5
27,2,0.22,"2022-03-29 11:35:54+00:00",3,4,"2022-05-15 11:35:54+00:00","Whatever.",1,3,8
28,2,0.33,"2022-07-10 19:06:10+00:00",2,4,"","",25,2,3
29,2,0.28,"2022-10-02 21:28:14+00:00",3,4,"","",22,2,6
30,3,0.02,"2022-06-01 02:18:29+00:00",5,4,"","",7,2,8
31,2,0.14,"2022-11-01 06:41:07+00:00",4,4,"","",35,1,12
32,4,0.86,"2022-05-02 15:23:03+00:00",5,4,"","",26,2,15
33,2,0.61,"2022-03-14 23:22:00+00:00",5,4,"","",32,1,14
34,1,0.09,"2022-02-15 08:57:29+00:00",4,4,"","",39,2,10
35,1,0.37,"2022-07-10 01:14:43+00:00",5,4,"","",10,1,2
1,4,0.86,"2022-04-14 12:43:43+00:00",1,35,"","",37,2,3
2,4,0.58,"2022-10-14 10:44:19+00:00",2,35,"","",6,2,9
3,1,0.79,"2022-05-04 06:46:40+00:00",2,35,"","",48,2,10
4,1,0.23,"2022-02-26 07:30:21+00:00",2,35,"","",46,3,5
5,2,0.35,"2022-07-07 15:18:14+00:00",2,35,"","",9,3,4
6,1,0.35,"2022-03-10 18:42:47+00:00",1,35,"","",27,3,7
7,4,0.8,"2022-05-10 19:29:15+00:00",4,35,"","",45,1,4
8,4,0.85,"2022-07-25 02:34:26+00:00",3,35,"","",11,2,8
9,3,0.18,"2022-05-22 01:34:58+00:00",1,35,"","",47,2,6
10,2,0.41,"2022-05-31 20:33:59+00:00",5,35,"","",16,3,6
11,4,0.86,"2022-04-30 06:27:07+00:00",4,35,"","",22,1,15
12,1,0.71,"2022-08-06 18:18:03+00:00",2,35,"","",47,3,5
13,4,0.61,"2022-10-26 02:27:25+00:00",3,35,"","",9,2,4
14,1,0.15,"2022-06-29 17:04:04+00:00",2,35,"","",38,3,2
15,2,0.19,"2022-01-11 23:39:22+00:00",3,35,"","",21,3,7
16,4,0.16,"2022-05-18 04:17:37+00:00",4,35,"","",18,2,9
17,4,0.57,"2022-04-23 06:33:24+00:00",5,35,"","",20,1,14
18,1,0.65,"2022-03-16 15:42:27+00:00",3,35,"","",23,3,6
19,4,0.92,"2022-05-20 01:07:21+00:00",4,35,"","",50,3,6
20,3,0.49,"2022-10-31 06:52:27+00:00",5,35,"","",29,1,7
21,4,0.32,"2022-04-05 09:48:38+00:00",3,35,"","",24,2,12
22,2,0.07,"2022-03-05 00:31:22+00:00",5,35,"","",14,2,11
23,1,0.28,"2022-08-25 06:11:48+00:00",2,35,"","",14,2,14
24,3,0.36,"2022-09-26 04:44:33+00:00",2,35,"","",37,3,5
1,2,0.76,"2022-07-31 08:02:50+00:00",2,35,"","",7,1,12
2,2,0.84,"2022-06-24 02:48:52+00:00",4,35,"","",27,3,14
3,3,0.16,"2022-10-14 01:38:56+00:00",4,35,"","",1,2,12
4,4,0.76,"2022-02-13 21:30:10+00:00",4,35,"","",5,2,12
5,2,0.04,"2022-01-27 16:40:21+00:00",5,35,"","",8,2,9
6,3,0.31,"2022-08-26 23:34:29+00:00",5,35,"","",22,1,12
7,2,0.04,"2022-03-09 21:42:48+00:00",3,35,"","",43,3,15
8,1,0.18,"2022-10-11 21:18:24+00:00",4,35,"","",36,1,13
9,1,0.68,"2022-02-27 08:06:42+00:00",2,35,"","",29,3,4
10,3,0.89,"2022-01-09 06:33:14+00:00",5,35,"","",13,3,4
11,1,0.12,"2022-01-27 21:34:11+00:00",2,35,"","",13,2,15
12,2,0.11,"2022-05-23 10:48:05+00:00",2,35,"","",27,1,8
13,4,0.34,"2022-04-01 07:09:00+00:00",4,35,"","",32,1,9
14,3,0.21,"2022-04-14 09:38:45+00:00",1,35,"","",3,3,12
15,4,0.34,"2022-08-22 06:33:32+00:00",2,35,"","",35,3,11
16,4,0.1,"2022-04-11 03:26:27+00:00",5,35,"","",46,1,12
17,2,0.83,"2022-06-28 07:58:25+00:00",5,35,"","",50,1,11
18,4,0.9,"2022-10-17 23:03:10+00:00",5,35,"","",14,2,9
1,1,0.37,"2022-08-14 04:20:49+00:00",5,60,"","",25,1,12
2,4,0.96,"2022-10-07 09:41:28+00:00",2,60,"","",45,2,1
3,2,0.49,"2022-08-29 18:56:46+00:00",4,60,"","",16,1,13
4,1,0.28,"2022-01-17 13:40:35+00:00",2,60,"","",48,1,5
5,2,0.48,"2022-06-23 05:45:39+00:00",3,60,"","",15,3,14
6,1,0.53,"2022-09-05 11:56:48+00:00",3,60,"","",16,2,11
7,1,0.72,"2022-08-09 13:15:06+00:00",2,60,"","",2,1,15
8,3,0.21,"2022-02-03 21:05:34+00:00",2,60,"","",5,1,8
9,4,0.68,"2022-04-06 22:14:28+00:00",2,60,"","",5,1,4
10,2,0.28,"2022-05-15 12:25:40+00:00",2,60,"","",22,3,9
11,4,0.49,"2022-09-18 15:46:23+00:00",4,60,"","",39,1,12
12,1,0.47,"2022-02-20 08:57:44+00:00",1,60,"","",24,1,9
13,2,0.26,"2022-05-28 22:46:27+00:00",3,60,"","",18,2,8
14,2,0.17,"2022-08-01 21:23:35+00:00",2,60,"","",14,3,6
15,4,0.19,"2022-06-29 16:06:12+00:00",5,60,"","",2,1,11
16,1,0.84,"2022-06-13 01:21:39+00:00",2,60,"","",47,1,4
17,2,0.17,"2022-10-08 14:00:53+00:00",4,60,"","",9,1,1
18,3,0.51,"2022-05-14 05:32:08+00:00",5,60,"","",47,2,11
19,3,0.93,"2022-05-04 05:39:13+00:00",3,60,"","",49,1,9
20,3,0.3,"2022-06-14 14:30:25+00:00",5,60,"","",26,2,10
21,3,0.26,"2022-04-09 22:54:33+00:00",3,60,"","",2,3,8
22,3,0.5,"2022-05-22 07:08:04+00:00",1,60,"","",28,1,6
23,1,0.09,"2022-05-16 15:17:54+00:00",1,60,"","",49,2,11
24,4,0.98,"2022-02-11 23:02:59+00:00",2,60,"","",5,1,14
25,4,0.33,"2022-03-05 02:47:49+00:00",4,60,"","",37,2,1
26,2,0.36,"2022-01-04 09:45:49+00:00",2,60,"","",11,3,15
27,2,0.5,"2022-07-19 17:28:40+00:00",5,60,"2022-08-20 17:28:40+00:00","Bank.",11,3,10
28,4,0.25,"2022-03-06 09:24:18+00:00",4,60,"","",20,3,5
1,4,0.94,"2022-05-17 06:56:16+00:00",2,31,"","",15,2,15
2,4,0.45,"2022-03-07 14:53:04+00:00",2,31,"","",42,3,4
3,2,0.16,"2022-04-20 20:38:04+00:00",1,31,"","",7,1,8
4,2,0.12,"2022-08-22 21:36:13+00:00",3,31,"","",8,3,8
5,2,0.73,"2022-09-25 13:54:48+00:00",1,31,"","",19,3,9
6,3,0.06,"2022-01-15 00:15:31+00:00",1,31,"","",22,2,15
7,4,0.44,"2022-05-30 04:51:17+00:00",4,31,"","",17,1,13
8,2,0.9,"2022-02-14 08:04:10+00:00",3,31,"","",39,1,4
9,2,0.43,"2022-10-11 21:32:08+00:00",3,31,"","",4,2,14
10,1,0.12,"2022-03-13 08:19:17+00:00",3,31,"","",2,2,6
11,2,0.35,"2022-10-07 20:37:17+00:00",4,31,"","",8,2,9
12,1,0.85,"2022-09-08 10:07:07+00:00",3,31,"","",34,3,9
13,4,0.93,"2022-08-25 21:42:21+00:00",3,31,"","",38,1,4
1,3,0.19,"2022-04-25 08:37:49+00:00",1,1,"","",40,3,15
2,3,0.06,"2022-08-02 17:10:10+00:00",3,1,"","",1,2,9
3,2,0.87,"2022-02-19 07:31:23+00:00",4,1,"","",1,3,2
4,2,0.17,"2022-01-20 05:55:41+00:00",4,1,"","",15,3,2
5,1,0.17,"2022-11-01 03:37:18+00:00",1,1,"","",47,1,10
6,3,0.55,"2022-10-23 12:53:56+00:00",2,1,"","",18,1,2
7,4,0.44,"2022-03-26 13:12:53+00:00",1,1,"","",4,2,10
8,3,0.75,"2022-02-03 17:59:15+00:00",4,1,"","",45,3,8
9,2,0.05,"2022-02-20 16:41:25+00:00",3,1,"","",45,1,8
10,4,0.45,"2022-04-28 18:58:10+00:00",1,1,"","",5,3,7
11,2,0.64,"2022-03-07 06:13:56+00:00",1,1,"","",41,1,6
12,3,0.84,"2022-05-03 17:53:55+00:00",1,1,"","",1,2,2
13,2,0.65,"2022-08-23 23:38:09+00:00",3,1,"","",21,1,3
14,2,0.04,"2022-02-26 07:29:26+00:00",4,1,"","",47,2,6
15,2,0.72,"2022-10-04 22:15:30+00:00",2,1,"","",43,1,14
16,1,0.07,"2022-01-07 00:25:58+00:00",2,1,"","",2,1,14
17,3,0.24,"2022-03-20 16:23:19+00:00",5,1,"","",4,2,4
18,4,0.4,"2022-07-03 05:00:44+00:00",5,1,"","",12,3,6
19,1,0.46,"2022-10-10 19:34:21+00:00",5,1,"","",24,1,11
20,2,0.41,"2022-04-17 03:45:38+00:00",2,1,"","",15,2,11
21,4,0.11,"2022-09-09 00:14:00+00:00",1,1,"","",26,2,9
22,1,0.86,"2022-01-05 08:52:33+00:00",4,1,"","",23,3,1
23,3,0.46,"2022-07-07 14:20:14+00:00",4,1,"","",33,3,6
24,3,0.32,"2022-09-24 02:50:02+00:00",5,1,"","",45,3,6
25,1,0.62,"2022-05-30 04:25:01+00:00",2,1,"","",28,1,1
26,1,0.1,"2022-03-25 05:00:50+00:00",4,1,"","",36,3,1
27,4,0.32,"2022-02-28 09:18:21+00:00",1,1,"2022-04-27 09:18:21+00:00","Or ready.",31,1,14
28,4,0.5,"2022-07-17 08:55:44+00:00",5,1,"","",6,1,3
29,4,0.49,"2022-10-16 15:12:52+00:00",2,1,"","",49,1,4
30,1,0.02,"2022-07-03 02:58:27+00:00",4,1,"","",2,1,12
31,2,0.78,"2022-09-09 00:54:34+00:00",1,1,"","",19,1,7
1,2,0.52,"2022-10-19 20:54:59+00:00",2,75,"","",21,2,8
2,1,0.47,"2022-10-19 18:11:42+00:00",5,75,"","",19,2,3
3,4,0.2,"2022-08-15 13:57:43+00:00",1,75,"","",2,2,2
4,1,0.52,"2022-06-30 03:44:50+00:00",3,75,"","",44,1,2
5,1,0.86,"2022-08-14 06:47:02+00:00",2,75,"","",10,3,6
6,3,0.41,"2022-01-13 17:28:42+00:00",4,75,"","",23,3,9
7,2,0.54,"2022-07-13 14:58:40+00:00",4,75,"","",11,3,15
8,4,0.76,"2022-07-29 15:34:47+00:00",3,75,"","",40,1,7
9,1,0.39,"2022-04-04 22:34:33+00:00",3,75,"","",23,3,4
10,3,0.01,"2022-01-26 16:13:44+00:00",2,75,"","",48,2,2
11,3,0.8,"2022-10-05 00:36:06+00:00",3,75,"","",48,1,13
12,3,0.3,"2022-08-02 05:30:59+00:00",5,75,"","",12,3,14
13,3,0.18,"2022-03-12 02:29:35+00:00",1,75,"","",37,1,11
14,4,0.83,"2022-01-05 05:06:58+00:00",3,75,"","",5,2,11
15,1,0.17,"2022-05-13 02:28:31+00:00",5,75,"","",8,1,1
16,4,0.09,"2022-04-22 21:34:08+00:00",3,75,"","",6,1,14
17,2,0.89,"2022-05-17 07:03:09+00:00",1,75,"","",15,1,1
18,4,0.18,"2022-05-03 17:26:24+00:00",1,75,"","",36,3,8
19,3,0.2,"2022-05-23 19:07:38+00:00",2,75,"","",43,3,10
20,4,0.24,"2022-10-29 02:58:05+00:00",1,75,"","",20,2,3
21,4,0.57,"2022-08-31 04:39:01+00:00",5,75,"","",39,1,15
22,2,0.33,"2022-05-29 13:45:14+00:00",4,75,"","",36,1,11
23,2,0.86,"2022-03-30 10:24:20+00:00",5,75,"","",6,3,8
24,3,0.89,"2022-03-31 14:09:42+00:00",3,75,"","",3,2,10
25,3,0.72,"2022-05-13 14:39:56+00:00",1,75,"","",28,3,4
26,2,0.33,"2022-03-19 21:56:22+00:00",2,75,"","",36,1,6
1,4,0.6,"2022-08-21 05:04:19+00:00",3,58,"","",48,3,6
2,4,0.13,"2022-04-20 06:24:37+00:00",1,58,"","",31,3,3
3,1,0.64,"2022-02-24 05:09:20+00:00",4,58,"","",37,2,5
4,4,0.25,"2022-05-24 18:25:27+00:00",4,58,"","",40,2,15
5,1,0.3,"2022-01-11 15:46:19+00:00",5,58,"","",38,1,9
6,1,0.26,"2022-10-02 03:20:33+00:00",5,58,"","",44,1,2
7,4,0.01,"2022-07-06 01:07:09+00:00",5,58,"","",35,3,12
8,1,0.94,"2022-06-03 04:57:14+00:00",5,58,"","",34,1,11
9,2,0.43,"2022-02-25 10:17:22+00:00",2,58,"","",3,1,11
10,4,0.85,"2022-04-15 18:30:09+00:00",4,58,"","",5,2,7
11,2,0.08,"2022-01-17 03:40:54+00:00",2,58,"","",18,3,3
12,3,0.22,"2022-06-26 12:47:28+00:00",5,58,"","",32,2,8
13,1,0.26,"2022-09-06 10:20:21+00:00",4,58,"","",14,3,13
14,4,0.89,"2022-03-31 20:44:01+00:00",2,58,"","",42,3,8
15,4,0.01,"2022-03-19 03:20:27+00:00",1,58,"","",32,1,8
16,4,0.21,"2022-01-12 13:00:42+00:00",2,58,"","",14,2,4
17,3,0.91,"2022-08-16 22:18:25+00:00",1,58,"","",50,2,10
18,3,0.9,"2022-04-16 08:57:15+00:00",2,58,"","",2,2,13
19,2,0.27,"2022-06-26 04:50:37+00:00",3,58,"","",44,2,9
20,4,0.26,"2022-07-21 22:54:02+00:00",1,58,"","",2,2,8
21,3,0.9,"2022-04-11 04:31:57+00:00",3,58,"","",12,2,5
22,2,0.79,"2022-08-06 22:16:40+00:00",1,58,"","",9,3,14
23,1,0.31,"2022-06-26 12:24:57+00:00",3,58,"","",15,1,11
24,1,0.34,"2022-06-09 05:23:10+00:00",1,58,"","",26,3,14
25,3,0.91,"2022-07-11 22:33:58+00:00",3,58,"","",50,1,2
26,2,0.71,"2022-04-14 23:26:22+00:00",1,58,"","",27,1,13
27,3,0.55,"2022-05-18 02:46:34+00:00",4,58,"2022-05-31 02:46:34+00:00","Central.",16,1,10
28,1,0.64,"2022-10-10 01:09:02+00:00",3,58,"","",7,1,12
29,2,0.23,"2022-05-05 20:41:59+00:00",5,58,"","",35,1,3
30,1,0.39,"2022-08-29 16:41:13+00:00",3,58,"","",40,1,15
31,4,0.57,"2022-05-29 05:55:32+00:00",4,58,"","",43,3,9
32,1,0.29,"2022-05-24 03:51:39+00:00",2,58,"","",3,2,1
33,1,0.18,"2022-08-09 03:27:17+00:00",3,58,"","",19,2,1
34,1,0.24,"2022-03-21 06:20:47+00:00",1,58,"","",9,1,9
35,1,0.8,"2022-01-17 09:08:07+00:00",2,58,"","",38,2,6
1,1,0.44,"2022-06-08 15:41:28+00:00",5,72,"","",7,1,9
2,1,0.61,"2022-09-23 04:44:14+00:00",3,72,"","",8,3,15
3,4,0.54,"2022-06-10 22:49:26+00:00",5,72,"","",2,2,7
4,4,0.25,"2022-03-01 17:40:20+00:00",4,72,"","",33,3,13
5,4,0.6,"2022-09-06 04:39:37+00:00",1,72,"","",23,3,15
6,3,0.92,"2022-09-08 11:50:12+00:00",5,72,"","",34,1,8
7,2,0.77,"2022-10-16 13:57:19+00:00",2,72,"","",31,1,14
8,3,0.8,"2022-06-28 19:27:25+00:00",2,72,"","",19,2,3
9,1,0.9,"2022-09-19 22:49:13+00:00",3,72,"","",21,2,1
10,2,0.23,"2022-06-07 20:19:56+00:00",4,72,"","",48,2,11
11,2,0.14,"2022-02-06 17:15:46+00:00",4,72,"","",17,1,3
12,1,0.42,"2022-09-09 06:05:51+00:00",1,72,"","",46,2,10
13,1,0.45,"2022-08-21 01:05:30+00:00",5,72,"","",26,2,9
14,2,0.93,"2022-02-07 02:11:58+00:00",5,72,"","",31,2,4
15,2,0.45,"2022-09-11 04:19:47+00:00",5,72,"","",37,2,2
16,3,0.08,"2022-08-08 07:30:18+00:00",4,72,"","",6,3,13
17,3,0.21,"2022-04-06 09:20:14+00:00",3,72,"","",21,2,12
18,2,0.8,"2022-02-03 07:17:20+00:00",5,72,"","",48,3,7
19,2,0.48,"2022-01-04 17:45:35+00:00",3,72,"","",18,1,14
20,1,0.76,"2022-09-27 21:52:52+00:00",3,72,"","",25,2,5
21,1,0.03,"2022-03-14 17:53:31+00:00",5,72,"","",38,1,4
22,4,0.21,"2022-04-11 11:29:49+00:00",3,72,"","",22,2,1
23,4,0.66,"2022-09-22 22:50:56+00:00",3,72,"","",48,1,12
24,2,0.39,"2022-09-18 22:22:14+00:00",5,72,"","",40,2,6
25,4,0.43,"2022-02-28 03:18:40+00:00",3,72,"","",36,1,12
26,2,1.0,"2022-09-15 23:19:34+00:00",5,72,"","",29,1,10
27,3,0.58,"2022-07-16 01:21:51+00:00",1,72,"2022-08-14 01:21:51+00:00","Court.",9,1,11
28,4,0.14,"2022-08-18 23:50:52+00:00",5,72,"","",26,2,1
29,1,0.05,"2022-03-24 17:45:33+00:00",2,72,"","",37,1,3
1,1,0.86,"2022-03-05 15:43:25+00:00",1,16,"","",39,3,9
2,3,0.49,"2022-06-15 18:01:56+00:00",4,16,"","",13,2,14
3,1,0.39,"2022-03-11 04:16:53+00:00",4,16,"","",47,3,2
4,3,0.73,"2022-09-04 22:21:27+00:00",4,16,"","",33,2,9
5,1,0.76,"2022-09-07 23:23:38+00:00",4,16,"","",14,2,4
6,2,0.08,"2022-04-23 09:25:13+00:00",5,16,"","",15,2,11
7,2,0.18,"2022-01-23 22:46:59+00:00",4,16,"","",29,1,9
8,4,0.93,"2022-04-16 05:48:48+00:00",2,16,"","",18,3,3
9,3,0.29,"2022-04-26 13:27:08+00:00",2,16,"","",21,2,14
10,1,0.11,"2022-05-23 10:49:19+00:00",4,16,"","",48,3,1
11,4,0.97,"2022-07-24 12:50:33+00:00",2,16,"","",2,3,15
12,2,0.48,"2022-04-24 15:03:18+00:00",5,16,"","",10,3,4
13,2,0.84,"2022-03-10 02:58:36+00:00",1,16,"","",38,1,8
14,2,0.3,"2022-02-24 04:42:56+00:00",5,16,"","",17,2,11
15,1,0.36,"2022-03-22 07:26:07+00:00",1,16,"","",47,3,3
16,4,0.58,"2022-08-02 23:24:19+00:00",4,16,"","",41,3,12
17,3,0.99,"2022-03-26 14:47:26+00:00",2,16,"","",20,1,12
18,1,0.65,"2022-05-28 20:07:24+00:00",3,16,"","",39,3,2
19,3,0.86,"2022-03-20 06:52:29+00:00",1,16,"","",1,2,11
20,4,0.99,"2022-05-08 05:48:19+00:00",1,16,"","",12,2,12
21,3,0.32,"2022-06-23 14:01:07+00:00",1,16,"","",22,1,4
22,1,0.4,"2022-03-30 03:20:49+00:00",1,16,"","",12,2,4
23,2,0.54,"2022-01-27 11:56:41+00:00",4,16,"","",31,2,2
24,3,0.7,"2022-02-17 12:39:37+00:00",5,16,"","",13,1,4
25,3,0.68,"2022-02-17 13:12:12+00:00",5,16,"","",49,2,12
26,3,0.94,"2022-04-07 14:16:07+00:00",1,16,"","",38,1,2
27,4,0.42,"2022-07-13 02:04:02+00:00",5,16,"2022-08-07 02:04:02+00:00","Dog.",46,1,6
28,3,0.26,"2022-03-26 14:35:32+00:00",3,16,"","",30,1,13
29,3,0.2,"2022-03-04 15:16:38+00:00",2,16,"","",22,2,13
30,4,0.75,"2022-07-26 23:53:14+00:00",5,16,"","",30,1,15
1,1,0.91,"2022-01-08 06:29:14+00:00",2,64,"","",5,3,13
2,3,0.09,"2022-04-18 12:13:09+00:00",2,64,"","",37,3,11
3,2,0.58,"2022-05-04 15:14:41+00:00",5,64,"","",25,1,13
4,1,0.51,"2022-07-18 02:26:30+00:00",2,64,"","",30,2,12
5,2,0.7,"2022-06-10 12:02:28+00:00",3,64,"","",49,1,14
6,3,0.52,"2022-06-14 12:42:42+00:00",1,64,"","",3,3,8
7,2,0.41,"2022-08-10 03:09:28+00:00",3,64,"","",11,3,13
8,4,0.32,"2022-02-24 21:53:12+00:00",3,64,"","",22,1,9
9,3,0.02,"2022-04-20 07:33:48+00:00",3,64,"","",15,3,12
10,4,0.04,"2022-08-04 05:41:27+00:00",3,64,"","",46,3,3
11,2,0.96,"2022-10-19 19:55:45+00:00",3,64,"","",4,2,9
12,2,0.69,"2022-05-29 07:52:42+00:00",4,64,"","",32,3,8
13,4,0.4,"2022-06-27 12:49:14+00:00",4,64,"","",30,1,10
14,1,0.91,"2022-06-29 04:34:22+00:00",4,64,"","",6,3,13
15,3,0.49,"2022-07-16 11:27:46+00:00",2,64,"","",17,3,7
16,2,0.05,"2022-07-16 10:05:11+00:00",2,64,"","",30,3,15
17,3,0.15,"2022-08-28 18:30:23+00:00",4,64,"","",9,3,12
18,1,0.34,"2022-01-25 23:53:02+00:00",2,64,"","",44,1,1
19,3,0.66,"2022-04-23 07:38:55+00:00",1,64,"","",35,1,10
20,4,0.92,"2022-05-21 00:57:26+00:00",2,64,"","",46,3,3
21,1,0.23,"2022-08-08 18:15:27+00:00",2,64,"","",22,2,12
22,4,0.89,"2022-05-05 22:02:51+00:00",2,64,"","",4,2,3
23,1,0.74,"2022-09-06 06:05:18+00:00",3,64,"","",33,1,5
24,3,0.59,"2022-06-28 11:34:11+00:00",1,64,"","",40,1,12
25,2,0.22,"2022-08-23 00:11:15+00:00",1,64,"","",34,3,12
26,1,0.86,"2022-03-15 11:05:55+00:00",4,64,"","",27,1,2
27,1,0.55,"2022-05-21 03:52:43+00:00",1,64,"2022-06-02 03:52:43+00:00","Involve.",20,2,7
28,4,0.04,"2022-03-24 18:41:28+00:00",3,64,"","",29,3,1
29,3,0.11,"2022-04-16 20:57:54+00:00",1,64,"","",24,3,9
30,4,0.5,"2022-05-15 23:22:49+00:00",3,64,"","",22,3,9
31,4,0.82,"2022-10-10 15:17:35+00:00",3,64,"","",3,2,5
1,2,0.69,"2022-06-06 23:57:13+00:00",2,87,"","",25,1,14
2,2,0.67,"2022-04-09 15:02:58+00:00",5,87,"","",27,3,5
3,4,0.0,"2022-10-01 21:21:14+00:00",5,87,"","",26,1,4
4,3,0.96,"2022-08-25 04:48:49+00:00",5,87,"","",15,1,12
5,2,0.06,"2022-09-08 10:06:10+00:00",2,87,"","",12,1,11
6,3,0.14,"2022-01-01 00:15:42+00:00",2,87,"","",23,2,12
7,4,0.79,"2022-03-05 18:35:24+00:00",1,87,"","",4,2,13
8,2,0.48,"2022-05-03 00:08:36+00:00",5,87,"","",38,2,2
9,3,0.22,"2022-01-16 23:37:22+00:00",4,87,"","",36,3,11
10,4,0.23,"2022-04-21 19:21:56+00:00",1,87,"","",42,3,8
11,1,0.7,"2022-04-02 19:35:25+00:00",2,87,"","",44,2,4
12,4,0.91,"2022-05-31 11:55:27+00:00",4,87,"","",23,3,7
13,3,0.96,"2022-03-26 14:13:54+00:00",4,87,"","",47,2,6
14,4,0.63,"2022-10-02 04:35:00+00:00",4,87,"","",2,3,11
15,4,0.19,"2022-01-02 13:50:21+00:00",2,87,"","",18,3,6
16,3,0.44,"2022-06-26 01:29:14+00:00",5,87,"","",7,3,6
17,3,0.51,"2022-03-05 22:53:04+00:00",1,87,"","",17,1,14
18,1,0.51,"2022-02-03 17:10:58+00:00",1,87,"","",2,3,15
19,4,0.0,"2022-06-11 22:15:46+00:00",1,87,"","",19,3,5
20,2,0.79,"2022-04-11 14:01:33+00:00",5,87,"","",46,2,13
21,4,0.11,"2022-03-23 07:17:21+00:00",2,87,"","",47,2,11
22,3,0.38,"2022-06-07 15:06:10+00:00",4,87,"","",24,2,6
23,2,0.08,"2022-05-08 03:34:10+00:00",1,87,"","",8,1,13
24,1,1.0,"2022-05-09 11:57:59+00:00",2,87,"","",4,2,5
25,2,0.66,"2022-04-03 02:31:51+00:00",3,87,"","",5,2,10
26,4,0.74,"2022-01-06 00:56:36+00:00",1,87,"","",18,2,2
27,2,0.9,"2022-01-31 04:58:33+00:00",4,87,"2022-03-30 04:58:33+00:00","Picture.",26,1,15
28,1,0.12,"2022-06-17 13:15:03+00:00",1,87,"","",19,1,7
29,3,0.76,"2022-07-31 04:30:21+00:00",4,87,"","",31,1,6
30,3,0.69,"2022-08-06 12:51:41+00:00",5,87,"","",2,1,5
1,1,0.51,"2022-03-13 15:55:18+00:00",3,91,"","",7,3,11
2,1,0.54,"2022-08-20 05:00:13+00:00",3,91,"","",24,3,15
3,4,0.79,"2022-01-16 12:22:25+00:00",2,91,"","",40,1,15
4,3,0.36,"2022-09-14 03:31:42+00:00",5,91,"","",28,3,9
5,4,0.93,"2022-07-08 02:14:25+00:00",1,91,"","",25,2,1
6,1,0.36,"2022-03-14 07:35:45+00:00",1,91,"","",49,2,1
7,2,0.71,"2022-09-14 05:51:52+00:00",4,91,"","",11,3,6
8,1,0.86,"2022-04-04 04:18:30+00:00",1,91,"","",19,2,2
9,2,0.85,"2022-05-09 13:50:11+00:00",2,91,"","",17,3,3
10,1,0.94,"2022-03-11 12:32:27+00:00",3,91,"","",17,1,13
11,1,0.7,"2022-07-14 04:38:24+00:00",5,91,"","",7,3,4
12,2,0.43,"2022-03-30 21:54:30+00:00",4,91,"","",2,1,9
13,2,0.34,"2022-02-23 19:57:40+00:00",1,91,"","",50,2,4
14,3,0.1,"2022-04-29 20:42:48+00:00",5,91,"","",38,1,3
1,4,0.82,"2022-03-04 16:06:00+00:00",3,89,"","",15,2,8
2,1,0.57,"2022-04-25 20:22:13+00:00",4,89,"","",19,1,1
3,2,0.38,"2022-05-13 00:14:42+00:00",4,89,"","",24,2,4
4,4,0.08,"2022-05-24 05:01:31+00:00",2,89,"","",1,2,1
5,1,1.0,"2022-06-09 11:35:46+00:00",2,89,"","",40,3,1
6,1,0.1,"2022-01-25 17:53:29+00:00",4,89,"","",26,3,9
7,2,0.98,"2022-05-30 03:15:28+00:00",4,89,"","",45,1,2
8,3,0.15,"2022-10-03 05:16:48+00:00",2,89,"","",5,2,12
9,2,0.1,"2022-07-02 18:56:00+00:00",4,89,"","",20,2,15
10,3,0.15,"2022-03-23 03:35:43+00:00",3,89,"","",9,3,1
11,2,0.33,"2022-10-17 01:25:55+00:00",3,89,"","",46,2,11
12,4,0.17,"2022-08-02 00:30:30+00:00",5,89,"","",30,3,15
13,2,0.76,"2022-03-22 16:12:43+00:00",4,89,"","",14,3,8
14,3,0.99,"2022-02-19 04:14:36+00:00",1,89,"","",45,1,5
15,3,0.63,"2022-03-14 08:20:29+00:00",2,89,"","",17,2,11
16,4,0.89,"2022-08-10 05:53:15+00:00",1,89,"","",42,3,6
17,3,0.45,"2022-08-10 11:35:07+00:00",5,89,"","",40,1,5
18,3,0.46,"2022-10-10 14:54:02+00:00",2,89,"","",7,1,15
19,4,0.72,"2022-07-04 03:22:58+00:00",3,89,"","",34,2,14
20,2,0.14,"2022-02-20 20:42:14+00:00",5,89,"","",14,2,3
21,1,0.67,"2022-08-23 20:53:59+00:00",5,89,"","",15,2,5
22,2,0.09,"2022-07-14 09:57:09+00:00",1,89,"","",39,3,4
23,2,0.65,"2022-02-04 17:48:52+00:00",5,89,"","",17,3,1
24,1,0.73,"2022-04-30 15:23:25+00:00",3,89,"","",48,1,8
25,1,0.01,"2022-04-01 21:22:43+00:00",1,89,"","",39,1,7
26,2,0.84,"2022-03-09 00:39:44+00:00",3,89,"","",2,1,6
27,2,0.53,"2022-09-17 00:19:15+00:00",3,89,"2022-10-10 00:19:15+00:00","Phone.",15,2,13
28,3,0.22,"2022-01-15 23:10:51+00:00",3,89,"","",10,2,6
29,4,0.64,"2022-07-10 15:54:35+00:00",5,89,"","",16,2,9
30,4,0.43,"2022-05-26 20:52:44+00:00",2,89,"","",29,1,2
31,2,0.91,"2022-04-02 02:42:47+00:00",3,89,"","",28,1,14
32,1,0.43,"2022-04-25 11:51:19+00:00",3,89,"","",16,2,4
33,2,0.01,"2022-09-23 20:59:52+00:00",4,89,"","",41,1,6
34,2,0.86,"2022-06-14 17:22:11+00:00",1,89,"","",19,2,4
35,2,0.76,"2022-07-02 17:37:47+00:00",5,89,"","",33,1,6
36,2,0.22,"2022-02-23 01:27:57+00:00",2,89,"","",46,1,4
37,4,0.42,"2022-05-13 00:52:00+00:00",4,89,"","",2,2,12
38,1,0.18,"2022-05-28 04:23:33+00:00",2,89,"","",9,3,11
39,1,0.55,"2022-09-27 12:06:37+00:00",3,89,"","",10,1,4
40,1,0.11,"2022-09-22 16:09:46+00:00",2,89,"","",12,1,11
41,1,0.3,"2022-03-16 14:27:21+00:00",1,89,"","",9,2,14
42,2,0.78,"2022-04-12 22:48:09+00:00",5,89,"","",4,3,10
43,1,0.79,"2022-10-25 04:16:48+00:00",4,89,"","",46,2,5
1,1,0.82,"2022-06-04 00:44:49+00:00",4,85,"","",9,3,12
2,2,0.94,"2022-08-21 13:47:34+00:00",2,85,"","",9,2,12
3,4,0.66,"2022-06-27 20:39:34+00:00",5,85,"","",30,1,7
4,2,0.06,"2022-07-25 17:58:27+00:00",5,85,"","",34,1,15
5,2,0.65,"2022-01-20 05:32:12+00:00",2,85,"","",13,3,8
6,2,0.91,"2022-06-25 20:54:02+00:00",5,85,"","",31,3,10
7,1,0.68,"2022-05-29 17:07:48+00:00",2,85,"","",14,2,12
8,4,0.4,"2022-10-08 10:31:53+00:00",4,85,"","",34,2,6
9,3,0.39,"2022-10-22 04:40:49+00:00",1,85,"","",6,2,12
10,4,0.02,"2022-02-22 21:38:43+00:00",2,85,"","",14,1,12
11,4,0.32,"2022-05-14 15:39:04+00:00",3,85,"","",32,1,9
12,2,0.93,"2022-05-22 13:21:06+00:00",2,85,"","",4,1,4
13,3,0.91,"2022-10-10 17:02:51+00:00",2,85,"","",47,3,11
14,1,0.18,"2022-10-22 11:46:08+00:00",2,85,"","",32,1,2
15,4,0.28,"2022-09-20 05:11:06+00:00",4,85,"","",18,3,2
16,4,0.62,"2022-02-04 22:13:25+00:00",5,85,"","",44,3,14
17,4,0.71,"2022-05-21 18:47:32+00:00",4,85,"","",34,1,13
18,1,0.52,"2022-01-08 22:14:46+00:00",2,85,"","",29,3,2
19,1,0.0,"2022-10-14 11:34:35+00:00",1,85,"","",30,2,1
20,2,0.83,"2022-06-19 09:44:12+00:00",3,85,"","",47,2,1
21,4,0.12,"2022-11-01 12:37:33+00:00",2,85,"","",39,3,1
22,3,0.96,"2022-05-14 22:58:59+00:00",5,85,"","",42,1,6
23,4,0.7,"2022-04-08 21:26:56+00:00",2,85,"","",27,2,15
24,2,0.88,"2022-01-15 10:10:51+00:00",1,85,"","",21,3,1
25,2,0.5,"2022-01-08 01:26:03+00:00",3,85,"","",33,1,14
26,1,0.91,"2022-02-09 20:17:03+00:00",5,85,"","",41,1,11
27,4,0.08,"2022-01-15 17:26:24+00:00",1,85,"2022-02-10 17:26:24+00:00","Play.",11,2,11
28,3,0.15,"2022-06-27 21:31:36+00:00",5,85,"","",50,1,14
29,3,0.27,"2022-06-01 19:21:12+00:00",3,85,"","",5,3,4
30,4,0.59,"2022-01-04 20:48:13+00:00",4,85,"","",47,3,7
31,4,0.46,"2022-03-08 13:01:52+00:00",3,85,"","",41,2,6
32,2,0.25,"2022-09-04 06:58:09+00:00",3,85,"","",30,1,3
33,3,0.81,"2022-01-12 07:41:07+00:00",3,85,"","",31,1,3
34,1,0.62,"2022-08-29 18:52:40+00:00",4,85,"","",24,3,3
35,2,0.25,"2022-03-01 03:16:20+00:00",1,85,"","",43,1,9
36,3,0.99,"2022-05-11 12:15:05+00:00",4,85,"","",25,3,4
37,1,0.38,"2022-09-18 02:54:35+00:00",5,85,"","",16,3,2
1,2,0.06,"2022-01-21 15:51:42+00:00",4,52,"","",20,3,15
2,3,0.25,"2022-07-13 01:45:34+00:00",4,52,"","",11,3,13
3,3,0.87,"2022-06-27 07:06:52+00:00",5,52,"","",11,1,11
4,2,0.4,"2022-08-09 06:54:38+00:00",3,52,"","",27,2,9
5,3,0.31,"2022-01-10 13:25:04+00:00",3,52,"","",15,2,3
6,3,0.47,"2022-06-16 23:12:40+00:00",3,52,"","",6,3,11
7,2,0.15,"2022-01-23 11:58:24+00:00",5,52,"","",15,1,12
8,3,0.11,"2022-06-02 19:03:42+00:00",4,52,"","",33,2,4
9,1,0.15,"2022-10-01 21:28:06+00:00",4,52,"","",31,3,15
10,3,0.61,"2022-10-01 06:24:11+00:00",1,52,"","",49,2,4
11,4,0.52,"2022-06-17 03:57:35+00:00",5,52,"","",18,1,4
12,2,0.93,"2022-03-12 15:24:21+00:00",4,52,"","",7,3,2
13,3,0.9,"2022-04-10 20:49:18+00:00",2,52,"","",29,3,4
14,3,0.61,"2022-04-30 17:11:39+00:00",2,52,"","",41,2,2
15,1,0.76,"2022-04-07 06:50:53+00:00",2,52,"","",8,1,10
16,2,0.01,"2022-06-12 10:53:08+00:00",5,52,"","",6,2,7
17,3,0.88,"2022-09-14 19:06:17+00:00",2,52,"","",30,3,3
18,1,0.69,"2022-02-14 03:39:11+00:00",2,52,"","",11,1,2
19,4,0.09,"2022-06-06 18:11:21+00:00",1,52,"","",1,2,9
20,4,0.86,"2022-01-31 23:59:57+00:00",4,52,"","",11,1,10
21,4,0.85,"2022-08-05 21:16:23+00:00",5,52,"","",26,3,9
22,3,0.48,"2022-03-31 11:55:16+00:00",2,52,"","",47,2,15
1,2,0.37,"2022-01-08 13:48:11+00:00",5,23,"","",33,3,13
2,4,0.52,"2022-10-15 01:28:14+00:00",3,23,"","",48,2,10
3,2,0.87,"2022-04-12 23:56:23+00:00",3,23,"","",17,3,10
4,4,0.38,"2022-08-08 20:23:14+00:00",2,23,"","",25,3,2
5,1,0.08,"2022-10-16 02:33:21+00:00",3,23,"","",20,1,9
6,1,0.07,"2022-03-05 16:45:26+00:00",3,23,"","",14,3,7
7,4,0.94,"2022-01-07 18:42:27+00:00",2,23,"","",48,2,15
8,2,0.05,"2022-02-12 01:08:04+00:00",4,23,"","",35,1,3
9,3,0.14,"2022-01-16 12:56:34+00:00",5,23,"","",17,1,3
10,2,0.91,"2022-10-06 05:14:27+00:00",2,23,"","",8,3,15
11,3,0.64,"2022-05-08 15:11:07+00:00",5,23,"","",45,1,11
12,4,0.62,"2022-04-21 04:27:01+00:00",3,23,"","",32,1,9
13,2,0.3,"2022-03-14 11:29:10+00:00",3,23,"","",37,2,15
14,3,0.04,"2022-09-16 20:54:46+00:00",4,23,"","",4,2,9
15,2,0.7,"2022-05-05 10:29:16+00:00",1,23,"","",20,2,2
16,3,0.5,"2022-07-19 01:37:59+00:00",3,23,"","",16,1,4
17,3,0.86,"2022-03-24 17:17:00+00:00",4,23,"","",3,2,9
18,3,0.56,"2022-08-23 23:50:10+00:00",4,23,"","",28,1,10
19,3,0.3,"2022-04-05 14:28:53+00:00",5,23,"","",44,2,15
20,2,0.61,"2022-01-15 01:23:35+00:00",2,23,"","",42,3,5
21,4,0.9,"2022-04-11 01:07:32+00:00",3,23,"","",46,3,7
22,3,0.69,"2022-10-15 04:38:45+00:00",2,23,"","",36,2,1
23,4,0.98,"2022-09-08 20:44:15+00:00",2,23,"","",7,2,12
24,3,0.53,"2022-09-07 18:03:23+00:00",5,23,"","",25,2,13
25,3,0.53,"2022-08-24 19:11:52+00:00",3,23,"","",22,3,6
26,4,0.98,"2022-01-30 01:33:33+00:00",5,23,"","",12,2,2
27,4,0.93,"2022-02-21 01:43:24+00:00",5,23,"2022-03-10 01:43:24+00:00","Fly.",36,2,1
28,3,0.87,"2022-07-23 12:16:51+00:00",3,23,"","",1,1,12
29,1,0.08,"2022-08-18 21:36:26+00:00",2,23,"","",3,3,10
30,2,0.7,"2022-05-03 04:39:50+00:00",1,23,"","",23,1,2
31,3,0.28,"2022-08-13 02:11:09+00:00",1,23,"","",14,3,9
32,1,0.1,"2022-08-04 21:35:23+00:00",1,23,"","",31,1,13
33,2,0.72,"2022-01-30 13:37:11+00:00",1,23,"","",46,3,6
1,2,0.39,"2022-06-08 20:03:55+00:00",5,5,"","",24,1,4
2,1,0.42,"2022-06-09 21:38:52+00:00",1,5,"","",50,3,9
3,1,0.35,"2022-08-18 14:01:34+00:00",3,5,"","",12,2,10
4,2,0.3,"2022-10-31 07:25:33+00:00",4,5,"","",49,2,9
5,2,0.39,"2022-10-22 05:20:58+00:00",3,5,"","",31,1,8
6,2,0.23,"2022-10-17 23:50:23+00:00",4,5,"","",11,3,9
7,2,0.49,"2022-02-28 22:09:46+00:00",4,5,"","",35,3,1
8,4,0.96,"2022-09-02 20:26:32+00:00",3,5,"","",23,1,5
9,3,0.55,"2022-10-22 20:00:49+00:00",3,5,"","",26,1,11
10,4,0.0,"2022-10-26 01:16:51+00:00",5,5,"","",42,2,15
11,3,0.28,"2022-09-13 19:51:10+00:00",4,5,"","",50,1,1
12,2,0.95,"2022-04-07 21:36:20+00:00",1,5,"","",44,1,7
13,1,0.26,"2022-04-22 03:17:43+00:00",5,5,"","",6,2,15
14,4,0.56,"2022-07-14 17:16:17+00:00",5,5,"","",16,3,15
15,1,0.05,"2022-09-08 01:05:04+00:00",4,5,"","",24,1,5
16,1,0.96,"2022-08-31 08:38:26+00:00",5,5,"","",8,2,4
1,3,0.11,"2022-05-05 10:48:05+00:00",2,72,"","",16,1,4
2,4,0.18,"2022-09-06 12:15:56+00:00",5,72,"","",29,1,10
3,4,0.73,"2022-09-20 20:36:40+00:00",5,72,"","",19,1,5
4,2,0.03,"2022-06-03 02:22:21+00:00",5,72,"","",4,1,3
5,3,0.8,"2022-05-18 15:16:02+00:00",2,72,"","",14,2,5
6,1,0.75,"2022-09-18 10:57:25+00:00",2,72,"","",16,3,5
7,3,0.73,"2022-06-06 05:15:40+00:00",1,72,"","",27,1,8
8,4,0.71,"2022-04-17 01:55:28+00:00",5,72,"","",45,1,7
9,1,0.03,"2022-07-21 02:41:47+00:00",5,72,"","",43,1,7
10,1,0.28,"2022-01-17 05:03:36+00:00",4,72,"","",2,3,13
11,4,0.84,"2022-07-07 11:46:47+00:00",1,72,"","",16,2,7
12,4,0.17,"2022-03-31 16:12:39+00:00",4,72,"","",49,3,2
13,2,0.31,"2022-03-10 14:18:33+00:00",1,72,"","",6,2,12
14,4,0.01,"2022-03-28 21:23:56+00:00",1,72,"","",10,2,7
15,4,0.32,"2022-05-08 17:39:06+00:00",2,72,"","",25,2,12
16,4,0.9,"2022-05-24 07:58:50+00:00",3,72,"","",4,3,8
17,4,0.5,"2022-10-11 15:25:38+00:00",4,72,"","",9,2,2
18,3,0.69,"2022-03-08 10:43:32+00:00",2,72,"","",43,1,14
19,1,0.48,"2022-06-07 05:42:52+00:00",4,72,"","",38,2,5
20,4,0.0,"2022-04-30 19:59:47+00:00",1,72,"","",19,3,4
21,4,0.15,"2022-07-19 08:39:35+00:00",4,72,"","",44,3,12
22,1,0.09,"2022-08-22 14:40:54+00:00",2,72,"","",47,1,5
23,2,0.82,"2022-07-08 08:05:05+00:00",4,72,"","",11,1,1
24,1,0.64,"2022-01-08 00:32:13+00:00",5,72,"","",4,1,3
25,4,0.62,"2022-05-25 19:03:56+00:00",5,72,"","",47,3,8
26,4,0.2,"2022-08-11 15:14:50+00:00",4,72,"","",9,1,2
27,4,0.88,"2022-06-04 14:47:35+00:00",4,72,"2022-06-18 14:47:35+00:00","Style.",1,2,12
28,3,0.82,"2022-04-10 22:25:53+00:00",4,72,"","",33,2,13
29,3,0.28,"2022-02-26 10:11:32+00:00",5,72,"","",45,1,11
30,3,0.41,"2022-08-11 15:23:41+00:00",1,72,"","",40,3,14
1,1,0.88,"2022-04-20 11:07:09+00:00",2,27,"","",12,2,14
2,3,0.69,"2022-04-01 07:59:48+00:00",3,27,"","",43,3,15
3,1,0.31,"2022-05-27 12:44:07+00:00",4,27,"","",25,1,6
4,3,0.07,"2022-09-19 21:49:51+00:00",2,27,"","",30,1,15
5,2,0.63,"2022-08-30 09:07:02+00:00",1,27,"","",49,2,12
6,1,0.95,"2022-04-17 23:54:29+00:00",3,27,"","",11,1,1
7,4,0.92,"2022-07-29 21:25:06+00:00",2,27,"","",49,3,12
8,4,0.12,"2022-07-20 01:32:42+00:00",5,27,"","",24,1,8
9,3,0.94,"2022-05-27 13:42:36+00:00",5,27,"","",29,3,13
10,1,0.08,"2022-02-25 17:16:23+00:00",2,27,"","",29,3,7
11,1,0.94,"2022-08-07 11:08:29+00:00",4,27,"","",44,1,3
12,4,0.86,"2022-10-03 11:28:56+00:00",5,27,"","",23,1,15
13,1,0.07,"2022-08-07 04:51:11+00:00",4,27,"","",13,3,15
14,4,0.42,"2022-04-02 03:22:39+00:00",2,27,"","",2,1,12
1,2,0.52,"2022-07-06 11:58:06+00:00",5,53,"","",43,2,9
2,1,0.39,"2022-07-18 18:52:08+00:00",5,53,"","",43,1,15
3,1,0.34,"2022-03-14 02:33:10+00:00",2,53,"","",2,3,8
4,2,0.18,"2022-10-19 18:34:29+00:00",2,53,"","",50,1,13
5,4,0.12,"2022-09-10 06:10:08+00:00",1,53,"","",23,2,3
6,1,0.77,"2022-04-08 13:22:59+00:00",2,53,"","",15,2,10
7,4,0.25,"2022-02-17 07:34:58+00:00",1,53,"","",36,3,8
8,3,0.66,"2022-10-20 03:55:59+00:00",1,53,"","",24,2,13
9,1,0.8,"2022-09-22 07:11:29+00:00",3,53,"","",42,2,5
10,4,0.72,"2022-04-20 18:33:03+00:00",1,53,"","",48,2,8
11,2,0.98,"2022-08-24 20:43:35+00:00",1,53,"","",26,2,6
12,4,0.34,"2022-02-19 21:32:59+00:00",1,53,"","",18,2,15
13,1,0.01,"2022-08-16 23:29:39+00:00",1,53,"","",37,2,10
14,2,0.14,"2022-01-11 15:20:39+00:00",3,53,"","",30,3,11
15,1,0.22,"2022-04-29 04:55:57+00:00",3,53,"","",38,3,13
16,1,0.95,"2022-03-07 05:00:30+00:00",2,53,"","",47,3,8
17,2,0.98,"2022-02-15 09:37:39+00:00",1,53,"","",5,1,11
18,1,0.39,"2022-06-05 02:55:46+00:00",1,53,"","",31,3,10
19,1,0.12,"2022-03-04 11:58:25+00:00",4,53,"","",4,1,2
20,2,0.95,"2022-06-27 02:28:44+00:00",3,53,"","",24,2,12
21,4,0.39,"2022-02-03 01:41:46+00:00",4,53,"","",31,2,8
22,3,0.33,"2022-06-19 15:43:17+00:00",5,53,"","",14,1,14
23,3,0.29,"2022-06-19 04:12:10+00:00",2,53,"","",27,1,2
24,2,0.45,"2022-05-27 18:29:41+00:00",2,53,"","",35,1,1
25,4,0.84,"2022-07-08 04:38:57+00:00",1,53,"","",22,2,15
26,1,0.2,"2022-07-26 21:28:32+00:00",3,53,"","",23,2,1
27,1,0.03,"2022-07-22 16:37:24+00:00",5,53,"2022-08-14 16:37:24+00:00","Either.",37,2,13
28,3,0.77,"2022-08-27 18:30:24+00:00",3,53,"","",2,3,8
29,4,0.31,"2022-04-04 23:00:58+00:00",2,53,"","",6,2,4
30,2,0.52,"2022-08-07 15:52:32+00:00",4,53,"","",9,3,10
31,1,0.15,"2022-05-30 17:33:04+00:00",5,53,"","",23,3,13
32,1,0.27,"2022-04-09 07:54:48+00:00",4,53,"","",28,2,8
33,2,0.08,"2022-09-01 14:37:15+00:00",4,53,"","",20,1,8
1,2,0.65,"2022-01-31 00:42:34+00:00",1,11,"","",25,1,14
2,3,0.7,"2022-05-29 17:41:13+00:00",4,11,"","",14,2,6
3,4,0.84,"2022-01-20 20:21:50+00:00",5,11,"","",37,2,1
4,3,0.57,"2022-03-20 12:47:39+00:00",5,11,"","",50,1,4
5,3,0.72,"2022-11-02 15:14:28+00:00",3,11,"","",7,2,1
6,4,0.6,"2022-04-04 15:01:19+00:00",5,11,"","",40,1,14
7,2,0.74,"2022-04-12 15:17:20+00:00",1,11,"","",25,2,8
8,4,0.41,"2022-05-27 20:45:35+00:00",5,11,"","",41,3,14
9,2,0.77,"2022-03-14 14:51:55+00:00",3,11,"","",15,2,3
10,3,0.64,"2022-04-19 21:19:26+00:00",4,11,"","",31,1,15
11,1,0.86,"2022-02-19 06:27:28+00:00",4,11,"","",40,3,8
12,1,0.38,"2022-10-18 23:42:23+00:00",1,11,"","",23,1,7
13,2,0.64,"2022-06-11 06:02:41+00:00",4,11,"","",10,2,1
14,1,0.98,"2022-06-12 03:20:33+00:00",2,11,"","",2,1,6
15,4,0.74,"2022-08-19 19:35:36+00:00",5,11,"","",1,1,10
16,4,0.08,"2022-01-02 12:16:55+00:00",2,11,"","",26,2,15
17,1,0.57,"2022-04-23 04:08:27+00:00",4,11,"","",37,1,7
18,1,0.11,"2022-01-06 13:51:04+00:00",2,11,"","",46,3,8
19,1,0.87,"2022-10-26 18:03:08+00:00",4,11,"","",44,3,2
20,3,0.86,"2022-06-01 22:54:29+00:00",3,11,"","",42,1,10
21,3,0.9,"2022-08-30 02:36:21+00:00",5,11,"","",12,2,1
22,4,0.1,"2022-08-12 09:12:11+00:00",4,11,"","",12,1,2
1,1,0.17,"2022-08-25 05:20:34+00:00",3,68,"","",34,3,11
2,2,0.31,"2022-07-11 12:13:00+00:00",2,68,"","",12,2,14
3,1,0.94,"2022-03-05 15:14:49+00:00",3,68,"","",7,1,1
4,4,0.05,"2022-02-01 05:19:57+00:00",5,68,"","",31,3,4
5,1,0.24,"2022-04-03 19:59:57+00:00",5,68,"","",26,2,13
6,2,0.45,"2022-03-11 14:29:21+00:00",1,68,"","",26,2,12
7,4,0.07,"2022-02-24 12:39:30+00:00",5,68,"","",50,1,1
8,4,0.24,"2022-06-28 06:19:45+00:00",5,68,"","",39,3,14
9,1,0.19,"2022-11-03 14:03:07+00:00",3,68,"","",2,1,7
10,4,0.17,"2022-05-26 16:43:39+00:00",1,68,"","",11,1,1
11,3,0.08,"2022-10-18 00:37:04+00:00",4,68,"","",14,1,4
12,1,0.2,"2022-06-13 20:33:46+00:00",4,68,"","",9,3,1
13,2,0.76,"2022-08-02 17:46:10+00:00",1,68,"","",32,2,7
14,3,0.61,"2022-02-26 20:08:31+00:00",4,68,"","",5,3,15
15,4,0.27,"2022-03-14 06:48:15+00:00",5,68,"","",12,3,5
16,4,0.84,"2022-10-15 05:18:51+00:00",3,68,"","",34,2,13
17,4,0.17,"2022-08-27 10:39:31+00:00",5,68,"","",39,2,1
18,3,0.44,"2022-09-03 01:36:20+00:00",2,68,"","",5,1,1
19,2,0.7,"2022-08-01 03:04:21+00:00",5,68,"","",12,2,14
20,1,0.72,"2022-01-13 03:36:40+00:00",4,68,"","",38,2,3
21,4,0.35,"2022-02-19 00:32:06+00:00",2,68,"","",11,3,11
22,3,0.25,"2022-04-30 10:40:48+00:00",2,68,"","",35,3,14
23,1,0.79,"2022-07-26 11:09:28+00:00",1,68,"","",3,2,5
24,2,0.53,"2022-07-25 03:06:47+00:00",1,68,"","",20,3,14
25,3,0.27,"2022-02-24 23:16:33+00:00",1,68,"","",9,1,2
26,2,0.11,"2022-07-11 21:01:06+00:00",2,68,"","",31,1,6
27,1,0.81,"2022-04-24 11:19:26+00:00",2,68,"2022-05-06 11:19:26+00:00","Station.",22,1,3
28,3,0.9,"2022-02-13 08:39:08+00:00",5,68,"","",48,2,13
29,1,0.76,"2022-06-04 14:34:17+00:00",1,68,"","",39,1,14
1,3,0.41,"2022-03-24 09:54:55+00:00",5,38,"","",50,2,10
2,3,0.61,"2022-01-03 04:00:44+00:00",1,38,"","",21,3,10
3,1,0.19,"2022-09-21 06:05:48+00:00",4,38,"","",39,3,6
4,3,0.87,"2022-03-19 13:35:58+00:00",2,38,"","",39,2,6
5,2,0.28,"2022-05-27 16:07:12+00:00",4,38,"","",5,1,9
6,1,0.22,"2022-06-09 21:01:45+00:00",3,38,"","",3,2,10
7,4,0.54,"2022-02-02 01:25:55+00:00",4,38,"","",3,3,14
8,2,0.1,"2022-02-22 04:33:55+00:00",5,38,"","",15,2,11
9,1,0.94,"2022-01-04 10:18:06+00:00",2,38,"","",41,2,11
10,2,0.58,"2022-03-15 16:23:54+00:00",4,38,"","",34,3,5
11,1,0.9,"2022-06-07 20:25:13+00:00",5,38,"","",8,1,1
12,4,0.76,"2022-07-06 14:30:12+00:00",1,38,"","",13,3,7
13,3,0.73,"2022-05-13 06:26:53+00:00",4,38,"","",9,3,4
14,2,0.53,"2022-09-23 21:57:45+00:00",3,38,"","",42,2,4
15,4,0.42,"2022-07-30 18:04:07+00:00",4,38,"","",34,2,5
16,3,0.26,"2022-04-01 16:16:01+00:00",1,38,"","",1,1,4
17,2,0.05,"2022-03-26 11:52:48+00:00",3,38,"","",47,2,9
18,2,0.24,"2022-04-19 01:30:50+00:00",4,38,"","",34,3,4
19,4,0.13,"2022-06-10 17:35:27+00:00",5,38,"","",14,3,1
20,4,0.7,"2022-04-01 03:25:33+00:00",4,38,"","",22,2,12
21,3,0.83,"2022-09-01 05:03:36+00:00",1,38,"","",17,1,8
22,1,0.24,"2022-08-26 02:30:13+00:00",2,38,"","",38,1,9
23,3,0.93,"2022-05-25 03:23:48+00:00",2,38,"","",7,2,10
24,1,0.36,"2022-05-01 23:28:52+00:00",2,38,"","",31,1,7
25,3,0.02,"2022-08-26 01:37:05+00:00",3,38,"","",1,1,1
26,1,0.46,"2022-07-15 21:49:11+00:00",5,38,"","",29,3,12
27,3,0.38,"2022-03-01 10:49:38+00:00",5,38,"2022-03-25 10:49:38+00:00","Watch.",3,2,8
28,4,0.14,"2022-09-24 07:59:46+00:00",3,38,"","",5,1,6
29,2,0.05,"2022-07-06 09:00:28+00:00",5,38,"","",27,1,9
30,4,0.06,"2022-07-08 14:07:20+00:00",3,38,"","",8,1,8
31,3,0.84,"2022-07-30 09:48:15+00:00",3,38,"","",38,2,2
32,2,0.28,"2022-10-05 20:56:57+00:00",4,38,"","",34,2,1
33,3,0.63,"2022-10-29 03:41:02+00:00",5,38,"","",12,1,9
34,1,0.02,"2022-10-24 19:44:08+00:00",1,38,"","",36,3,14
35,3,0.78,"2022-09-06 05:50:34+00:00",5,38,"","",35,3,11
1,2,0.06,"2022-05-14 17:37:39+00:00",2,81,"","",4,2,11
2,2,0.49,"2022-06-14 00:44:31+00:00",5,81,"","",28,1,12
3,1,0.82,"2022-02-09 02:23:19+00:00",1,81,"","",3,3,13
4,1,0.63,"2022-06-26 09:54:58+00:00",1,81,"","",24,2,12
5,1,0.72,"2022-04-03 19:19:17+00:00",5,81,"","",14,2,6
6,1,0.07,"2022-03-11 03:36:11+00:00",1,81,"","",21,3,4
7,2,0.05,"2022-09-13 20:32:58+00:00",5,81,"","",42,2,2
8,4,0.33,"2022-06-21 13:04:20+00:00",2,81,"","",46,3,9
9,2,0.03,"2022-08-30 21:49:36+00:00",4,81,"","",29,1,13
10,4,0.13,"2022-05-22 05:54:54+00:00",3,81,"","",18,1,4
11,4,0.71,"2022-08-13 06:19:07+00:00",5,81,"","",33,3,1
12,3,0.34,"2022-08-23 19:02:08+00:00",4,81,"","",14,3,7
13,1,0.37,"2022-02-22 18:01:04+00:00",3,81,"","",47,3,3
14,3,0.82,"2022-09-01 03:28:18+00:00",4,81,"","",28,2,12
15,4,0.62,"2022-01-15 10:11:28+00:00",2,81,"","",16,3,4
16,1,0.31,"2022-09-11 00:27:13+00:00",2,81,"","",10,1,13
17,2,0.23,"2022-07-31 09:09:25+00:00",5,81,"","",18,2,4
18,3,0.25,"2022-03-02 13:25:57+00:00",3,81,"","",45,1,11
19,2,0.95,"2022-05-19 21:58:42+00:00",5,81,"","",44,1,2
20,4,0.49,"2022-05-05 06:34:49+00:00",5,81,"","",14,1,5
21,1,0.34,"2022-02-20 22:18:47+00:00",4,81,"","",33,3,4
22,4,0.83,"2022-05-30 22:01:42+00:00",3,81,"","",27,3,13
23,3,0.65,"2022-08-24 10:38:34+00:00",3,81,"","",23,1,12
24,1,0.77,"2022-06-03 13:29:33+00:00",4,81,"","",27,3,12
25,1,0.48,"2022-03-06 05:46:49+00:00",4,81,"","",6,3,6
26,3,0.15,"2022-10-31 22:47:23+00:00",4,81,"","",39,3,4
27,4,0.81,"2022-03-01 17:32:49+00:00",1,81,"2022-04-18 17:32:49+00:00","Billion.",26,3,6
28,2,0.85,"2022-05-29 17:41:40+00:00",3,81,"","",2,1,6
29,3,0.58,"2022-09-27 22:04:19+00:00",1,81,"","",15,2,6
30,3,0.46,"2022-01-20 05:40:08+00:00",5,81,"","",32,2,2
31,3,0.71,"2022-07-20 04:46:47+00:00",5,81,"","",25,3,4
32,2,0.31,"2022-04-24 22:00:37+00:00",4,81,"","",49,1,10
33,3,0.05,"2022-10-18 21:45:08+00:00",2,81,"","",19,1,4
34,3,0.38,"2022-01-14 21:42:10+00:00",3,81,"","",4,1,2
35,1,0.5,"2022-07-29 08:02:21+00:00",5,81,"","",42,2,13
36,1,0.62,"2022-01-14 15:05:52+00:00",4,81,"","",34,1,15
37,1,0.49,"2022-04-29 09:37:07+00:00",1,81,"","",31,1,15
1,4,0.72,"2022-10-21 03:59:12+00:00",2,90,"","",24,2,4
2,4,0.07,"2022-10-19 14:56:28+00:00",2,90,"","",43,2,9
3,4,0.12,"2022-03-05 13:05:53+00:00",4,90,"","",32,3,14
4,2,0.38,"2022-03-12 03:59:13+00:00",4,90,"","",39,1,2
5,3,0.82,"2022-04-14 14:11:31+00:00",4,90,"","",26,1,3
6,4,0.79,"2022-03-21 14:30:17+00:00",1,90,"","",41,1,8
7,2,0.06,"2022-09-19 08:52:39+00:00",3,90,"","",43,1,10
8,1,0.44,"2022-06-29 13:15:25+00:00",2,90,"","",4,2,3
9,4,0.54,"2022-02-24 07:43:43+00:00",3,90,"","",4,2,12
10,4,0.81,"2022-08-16 07:19:30+00:00",5,90,"","",30,3,8
11,3,0.38,"2022-02-06 17:57:34+00:00",1,90,"","",13,1,3
12,4,0.22,"2022-04-23 20:26:53+00:00",4,90,"","",36,3,14
13,3,0.77,"2022-08-04 22:15:43+00:00",4,90,"","",5,1,5
14,2,0.91,"2022-10-21 22:44:17+00:00",4,90,"","",32,3,3
15,4,0.5,"2022-05-06 07:52:14+00:00",1,90,"","",42,2,9
16,4,0.77,"2022-06-09 23:43:27+00:00",5,90,"","",30,3,13
17,2,0.08,"2022-08-09 00:44:00+00:00",1,90,"","",9,2,10
18,3,0.15,"2022-10-22 07:32:24+00:00",5,90,"","",20,1,1
19,3,0.16,"2022-02-07 04:17:04+00:00",3,90,"","",5,2,14
20,2,0.17,"2022-08-02 23:30:05+00:00",2,90,"","",18,3,6
21,3,0.47,"2022-07-04 12:29:49+00:00",1,90,"","",50,3,8
22,3,0.29,"2022-01-15 04:58:49+00:00",1,90,"","",48,1,12
23,1,0.17,"2022-07-09 12:39:44+00:00",5,90,"","",24,3,8
24,2,0.34,"2022-01-10 17:57:25+00:00",4,90,"","",49,2,3
25,2,0.91,"2022-05-26 04:59:19+00:00",3,90,"","",12,2,3
26,1,0.1,"2022-06-04 22:28:08+00:00",5,90,"","",34,3,3
27,2,0.9,"2022-08-15 22:00:54+00:00",1,90,"2022-09-27 22:00:54+00:00","Together.",8,3,2
1,3,0.58,"2022-03-05 06:46:38+00:00",2,11,"","",37,2,7
2,2,0.16,"2022-06-26 15:16:38+00:00",5,11,"","",46,3,9
3,1,0.79,"2022-07-14 17:40:07+00:00",1,11,"","",42,2,5
4,1,0.55,"2022-02-25 11:37:13+00:00",2,11,"","",36,2,9
5,2,0.2,"2022-05-19 13:16:18+00:00",5,11,"","",35,1,6
6,4,0.79,"2022-02-12 06:09:35+00:00",4,11,"","",13,2,1
7,4,0.96,"2022-01-08 23:39:08+00:00",3,11,"","",12,2,15
8,4,0.6,"2022-03-16 15:49:24+00:00",1,11,"","",50,3,12
9,2,0.52,"2022-07-05 23:53:32+00:00",4,11,"","",38,1,8
10,4,0.89,"2022-05-03 06:07:19+00:00",3,11,"","",18,2,7
1,2,0.67,"2022-06-21 21:20:10+00:00",3,44,"","",20,3,8
2,3,0.69,"2022-11-02 14:43:53+00:00",4,44,"","",47,3,13
3,2,0.28,"2022-11-03 15:05:49+00:00",5,44,"","",49,1,9
4,4,0.94,"2022-02-01 09:39:34+00:00",3,44,"","",25,2,3
5,2,0.51,"2022-05-26 01:43:06+00:00",4,44,"","",23,2,13
6,4,0.06,"2022-09-24 13:28:45+00:00",2,44,"","",3,3,5
7,2,0.84,"2022-02-11 04:39:29+00:00",4,44,"","",19,1,9
8,4,0.56,"2022-01-28 09:15:24+00:00",2,44,"","",22,2,1
9,2,0.11,"2022-06-08 22:40:44+00:00",2,44,"","",9,3,7
10,3,0.41,"2022-09-26 18:36:53+00:00",4,44,"","",8,3,11
1,1,0.46,"2022-02-23 09:32:58+00:00",2,47,"","",9,1,6
2,2,0.8,"2022-08-28 04:36:28+00:00",1,47,"","",32,3,5
3,3,0.13,"2022-01-26 01:24:10+00:00",2,47,"","",14,3,3
4,1,0.32,"2022-01-07 10:19:23+00:00",1,47,"","",24,3,14
5,2,0.73,"2022-04-16 02:07:54+00:00",2,47,"","",18,1,10
6,2,0.33,"2022-07-04 21:01:58+00:00",2,47,"","",29,2,14
7,4,0.64,"2022-01-03 10:00:02+00:00",4,47,"","",8,3,9
8,2,0.83,"2022-04-10 17:04:39+00:00",2,47,"","",17,3,15
9,1,1.0,"2022-09-28 22:18:41+00:00",5,47,"","",6,2,1
10,2,0.53,"2022-08-18 05:20:29+00:00",4,47,"","",37,1,13
11,4,0.12,"2022-05-29 00:07:58+00:00",5,47,"","",18,3,14
12,2,0.68,"2022-09-17 19:20:07+00:00",5,47,"","",43,3,15
13,3,0.63,"2022-10-01 05:59:59+00:00",5,47,"","",46,3,2
14,3,0.73,"2022-02-27 15:06:56+00:00",1,47,"","",44,3,7
15,3,0.75,"2022-09-03 10:48:05+00:00",1,47,"","",24,1,1
16,3,0.04,"2022-08-12 13:57:48+00:00",1,47,"","",38,3,15
17,3,0.85,"2022-06-10 00:35:08+00:00",3,47,"","",43,2,12
18,1,0.7,"2022-06-23 11:18:23+00:00",4,47,"","",45,2,9
19,1,0.33,"2022-06-12 17:36:55+00:00",2,47,"","",28,3,15
20,1,0.48,"2022-06-19 20:07:42+00:00",1,47,"","",42,3,7
21,1,0.84,"2022-03-13 08:14:00+00:00",2,47,"","",35,1,9
22,1,0.28,"2022-02-08 12:46:32+00:00",3,47,"","",13,1,7
23,1,0.8,"2022-07-12 05:56:15+00:00",3,47,"","",18,3,8
24,1,0.0,"2022-01-11 08:56:58+00:00",1,47,"","",22,1,10
25,1,0.1,"2022-09-15 06:56:44+00:00",4,47,"","",50,3,15
26,4,0.51,"2022-01-06 05:03:13+00:00",3,47,"","",32,2,4
27,2,0.4,"2022-06-18 04:51:52+00:00",2,47,"2022-07-14 04:51:52+00:00","Light.",23,2,2
28,3,0.36,"2022-03-14 06:13:44+00:00",1,47,"","",19,2,8
29,1,0.07,"2022-06-02 15:08:23+00:00",5,47,"","",40,2,13
30,3,0.48,"2022-07-03 19:38:57+00:00",2,47,"","",4,3,14
31,1,0.29,"2022-07-10 02:47:32+00:00",4,47,"","",37,3,2
32,2,0.82,"2022-09-27 17:36:36+00:00",3,47,"","",36,3,8
33,1,0.68,"2022-08-09 13:03:11+00:00",4,47,"","",43,3,8
34,2,0.77,"2022-01-03 20:47:35+00:00",2,47,"","",21,3,2
35,3,0.87,"2022-06-07 16:56:45+00:00",4,47,"","",1,2,3
1,2,0.76,"2022-02-26 08:19:50+00:00",5,73,"","",10,1,6
2,1,0.9,"2022-05-17 19:58:42+00:00",2,73,"","",20,2,10
3,3,0.7,"2022-03-15 13:41:25+00:00",2,73,"","",27,2,11
4,1,0.42,"2022-06-29 19:59:04+00:00",4,73,"","",29,3,14
5,4,0.74,"2022-11-03 07:00:27+00:00",2,73,"","",7,2,12
6,2,0.62,"2022-09-16 09:46:10+00:00",4,73,"","",26,1,12
7,1,0.87,"2022-09-23 01:59:56+00:00",1,73,"","",27,1,3
8,1,0.66,"2022-10-16 17:14:05+00:00",5,73,"","",12,1,15
9,1,0.14,"2022-05-27 18:10:01+00:00",4,73,"","",42,1,5
10,1,0.97,"2022-09-26 16:55:35+00:00",4,73,"","",46,2,4
11,4,0.29,"2022-01-09 21:05:17+00:00",1,73,"","",35,3,14
12,3,0.11,"2022-02-19 14:38:00+00:00",4,73,"","",16,3,12
13,1,0.86,"2022-02-02 17:11:30+00:00",5,73,"","",35,2,3
14,2,0.49,"2022-08-09 10:05:20+00:00",1,73,"","",47,1,14
15,3,0.59,"2022-09-16 03:47:12+00:00",4,73,"","",12,2,15
16,4,0.94,"2022-01-12 15:37:40+00:00",3,73,"","",16,3,4
17,2,0.23,"2022-09-19 04:04:51+00:00",2,73,"","",2,2,8
18,1,0.33,"2022-03-11 10:37:17+00:00",3,73,"","",32,3,12
19,3,0.8,"2022-02-16 12:49:08+00:00",1,73,"","",2,2,10
20,3,0.9,"2022-08-25 17:01:44+00:00",5,73,"","",19,2,13
21,1,0.19,"2022-09-30 09:19:58+00:00",5,73,"","",4,3,13
22,1,0.16,"2022-01-30 16:32:10+00:00",5,73,"","",33,1,11
23,3,0.74,"2022-07-19 02:03:36+00:00",1,73,"","",12,1,6
24,3,0.43,"2022-10-07 15:48:14+00:00",3,73,"","",45,3,1
25,2,0.25,"2022-04-13 21:46:47+00:00",4,73,"","",49,3,10
26,4,0.18,"2022-07-08 07:57:52+00:00",2,73,"","",36,2,9
27,3,0.22,"2022-05-17 22:30:18+00:00",2,73,"2022-07-06 22:30:18+00:00","Begin.",43,3,4
28,2,0.09,"2022-08-01 06:02:58+00:00",2,73,"","",20,3,11
29,2,0.0,"2022-08-29 17:42:29+00:00",1,73,"","",49,3,10
30,1,0.36,"2022-03-07 03:21:30+00:00",4,73,"","",14,2,3
31,3,0.81,"2022-04-08 23:34:26+00:00",1,73,"","",7,1,8
32,3,0.58,"2022-05-24 18:46:57+00:00",3,73,"","",15,3,10
33,1,0.03,"2022-08-22 05:44:47+00:00",4,73,"","",14,1,6
34,2,0.06,"2022-03-14 02:15:48+00:00",1,73,"","",17,2,8
35,1,0.71,"2022-03-16 11:45:02+00:00",1,73,"","",14,3,15
36,4,0.36,"2022-05-07 13:12:22+00:00",4,73,"","",14,3,11
37,2,0.47,"2022-04-04 02:13:11+00:00",5,73,"","",49,2,4
38,1,0.17,"2022-03-16 16:16:41+00:00",4,73,"","",34,2,11
39,3,0.81,"2022-06-29 19:05:33+00:00",2,73,"","",10,2,14
40,3,0.01,"2022-04-24 21:40:03+00:00",3,73,"","",6,3,3
41,4,0.39,"2022-08-02 06:04:31+00:00",2,73,"","",24,2,10
1,2,0.83,"2022-01-26 09:54:49+00:00",4,18,"","",36,2,1
2,4,0.85,"2022-01-05 10:25:51+00:00",1,18,"","",13,2,13
3,2,0.5,"2022-05-31 21:55:04+00:00",4,18,"","",41,1,6
4,4,0.32,"2022-03-20 21:05:15+00:00",5,18,"","",25,2,6
5,4,0.22,"2022-04-26 11:08:05+00:00",3,18,"","",31,2,10
6,1,0.58,"2022-10-08 07:12:42+00:00",4,18,"","",13,2,8
7,2,0.08,"2022-06-28 16:21:33+00:00",1,18,"","",16,2,14
8,3,0.81,"2022-01-03 19:25:34+00:00",3,18,"","",37,2,15
9,3,0.28,"2022-10-19 19:05:58+00:00",1,18,"","",42,1,1
10,4,0.03,"2022-07-31 10:11:28+00:00",3,18,"","",47,3,8
11,1,0.49,"2022-03-09 07:57:05+00:00",5,18,"","",32,3,14
12,3,0.28,"2022-04-22 19:35:19+00:00",3,18,"","",41,1,4
13,1,0.93,"2022-04-13 04:55:16+00:00",3,18,"","",46,3,2
14,1,0.4,"2022-05-05 18:30:36+00:00",4,18,"","",19,1,7
15,2,0.25,"2022-03-15 14:39:49+00:00",4,18,"","",9,3,3
16,4,0.98,"2022-10-22 10:22:23+00:00",3,18,"","",31,3,8
17,3,0.48,"2022-10-19 09:56:01+00:00",4,18,"","",33,3,4
18,2,0.23,"2022-06-13 12:54:46+00:00",2,18,"","",12,2,11
19,3,0.52,"2022-10-07 02:10:19+00:00",1,18,"","",35,3,11
20,2,0.17,"2022-06-09 12:46:01+00:00",3,18,"","",38,3,9
21,3,0.51,"2022-07-10 11:22:55+00:00",4,18,"","",47,3,15
22,1,0.89,"2022-08-13 23:45:42+00:00",3,18,"","",19,1,2
23,3,0.18,"2022-01-12 08:27:25+00:00",4,18,"","",17,2,7
24,2,0.39,"2022-09-08 23:27:28+00:00",5,18,"","",50,3,12
25,2,0.26,"2022-10-23 23:21:04+00:00",3,18,"","",6,2,9
26,2,0.65,"2022-09-25 06:22:30+00:00",1,18,"","",6,3,5
27,1,0.05,"2022-03-23 03:25:04+00:00",5,18,"2022-03-26 03:25:04+00:00","Senior.",6,2,3
28,3,0.53,"2022-02-28 13:42:22+00:00",2,18,"","",7,3,6
29,2,0.19,"2022-05-10 16:29:48+00:00",1,18,"","",5,3,12
30,1,0.84,"2022-10-22 18:06:41+00:00",3,18,"","",12,1,12
31,3,0.6,"2022-03-27 17:41:18+00:00",4,18,"","",47,1,6
32,4,0.26,"2022-09-08 01:49:56+00:00",4,18,"","",5,1,4
33,2,0.51,"2022-03-20 06:41:24+00:00",3,18,"","",30,3,9
34,4,0.14,"2022-05-20 15:43:39+00:00",3,18,"","",14,3,12
35,1,0.7,"2022-01-05 23:37:22+00:00",4,18,"","",29,1,6
1,2,0.55,"2022-08-14 06:27:22+00:00",4,70,"","",40,1,4
2,1,0.44,"2022-09-07 02:33:14+00:00",2,70,"","",28,1,1
3,2,0.76,"2022-03-28 21:07:48+00:00",5,70,"","",29,2,3
4,2,0.84,"2022-01-14 21:07:34+00:00",5,70,"","",9,3,1
5,2,0.19,"2022-10-17 06:50:43+00:00",1,70,"","",19,1,7
6,3,0.05,"2022-08-25 09:54:05+00:00",1,70,"","",39,1,10
7,1,0.97,"2022-01-30 04:41:34+00:00",4,70,"","",33,3,9
8,4,0.36,"2022-05-28 21:11:19+00:00",3,70,"","",45,3,13
9,3,0.88,"2022-05-12 07:30:53+00:00",1,70,"","",32,1,4
10,1,0.87,"2022-03-08 13:20:51+00:00",3,70,"","",9,3,13
11,1,0.48,"2022-03-11 05:25:22+00:00",3,70,"","",19,3,6
12,1,0.62,"2022-08-03 04:29:02+00:00",3,70,"","",3,1,4
13,2,0.67,"2022-06-28 08:49:59+00:00",5,70,"","",44,2,15
14,3,0.33,"2022-04-06 20:47:53+00:00",5,70,"","",6,2,13
15,4,0.2,"2022-03-31 03:46:38+00:00",1,70,"","",23,2,12
16,3,0.66,"2022-07-17 16:57:22+00:00",3,70,"","",40,3,3
17,3,0.19,"2022-10-02 09:17:31+00:00",5,70,"","",2,1,2
18,1,0.39,"2022-03-13 18:03:34+00:00",3,70,"","",9,3,7
1,2,0.95,"2022-07-23 05:37:06+00:00",4,55,"","",43,2,3
2,3,0.76,"2022-09-10 15:59:35+00:00",3,55,"","",21,1,12
3,2,0.37,"2022-08-01 05:37:18+00:00",5,55,"","",40,2,9
4,2,0.36,"2022-04-19 09:54:19+00:00",4,55,"","",11,1,3
5,2,0.12,"2022-05-09 18:25:50+00:00",1,55,"","",24,1,1
6,1,0.73,"2022-09-01 17:39:59+00:00",3,55,"","",24,3,6
7,2,0.22,"2022-09-29 08:09:46+00:00",4,55,"","",46,2,8
8,4,0.3,"2022-03-27 04:08:47+00:00",3,55,"","",16,3,14
9,2,0.25,"2022-05-02 01:22:25+00:00",5,55,"","",27,3,1
10,2,0.02,"2022-02-08 17:11:40+00:00",3,55,"","",21,1,15
11,4,0.17,"2022-07-15 16:04:46+00:00",4,55,"","",36,2,7
12,2,0.92,"2022-10-06 03:15:11+00:00",1,55,"","",3,2,6
13,3,0.35,"2022-06-25 03:12:11+00:00",2,55,"","",21,1,5
14,4,0.52,"2022-09-20 03:40:16+00:00",1,55,"","",4,1,10
15,1,0.43,"2022-08-14 21:30:29+00:00",5,55,"","",3,3,2
16,2,0.03,"2022-03-14 11:07:40+00:00",5,55,"","",4,3,13
17,4,0.44,"2022-06-05 15:06:16+00:00",2,55,"","",22,3,1
18,1,0.62,"2022-07-01 12:06:57+00:00",5,55,"","",27,1,14
19,2,0.74,"2022-01-05 04:35:55+00:00",4,55,"","",4,3,12
20,3,0.31,"2022-02-07 16:58:35+00:00",1,55,"","",36,1,3
21,4,0.71,"2022-06-14 00:43:52+00:00",1,55,"","",35,1,2
22,4,0.14,"2022-04-21 16:08:51+00:00",3,55,"","",40,1,3
23,1,0.46,"2022-09-12 23:34:37+00:00",1,55,"","",22,1,12
24,2,0.63,"2022-02-04 06:58:09+00:00",1,55,"","",7,1,13
25,4,0.53,"2022-04-29 10:22:30+00:00",4,55,"","",42,1,9
26,3,0.39,"2022-08-06 08:33:22+00:00",3,55,"","",29,3,14
27,1,0.17,"2022-09-06 09:51:29+00:00",3,55,"2022-09-07 09:51:29+00:00","They.",48,2,11
28,1,0.58,"2022-02-12 11:48:38+00:00",4,55,"","",19,1,9
29,1,0.78,"2022-01-27 19:47:46+00:00",3,55,"","",21,2,2
30,3,0.93,"2022-08-15 15:09:15+00:00",3,55,"","",22,3,1
31,4,0.4,"2022-05-28 12:47:10+00:00",3,55,"","",35,3,15
32,1,0.27,"2022-08-31 22:10:48+00:00",1,55,"","",25,2,15
33,3,0.67,"2022-01-18 15:22:45+00:00",5,55,"","",5,3,6
34,4,0.18,"2022-08-24 19:49:27+00:00",1,55,"","",35,2,15
35,1,0.37,"2022-03-19 01:12:40+00:00",2,55,"","",6,3,11
36,2,0.1,"2022-08-15 20:18:18+00:00",5,55,"","",27,2,13
37,1,0.45,"2022-02-06 20:35:47+00:00",3,55,"","",13,3,3
38,1,0.81,"2022-01-12 05:09:05+00:00",2,55,"","",2,2,12
39,2,0.93,"2022-07-05 19:56:06+00:00",3,55,"","",3,1,8
40,2,0.12,"2022-03-30 12:24:05+00:00",3,55,"","",44,3,8
41,1,0.56,"2022-10-17 20:54:36+00:00",1,55,"","",18,2,10
42,3,0.43,"2022-09-24 08:41:46+00:00",2,55,"","",50,2,4
1,4,0.82,"2022-06-13 13:24:49+00:00",3,8,"","",40,2,2
2,4,0.38,"2022-08-15 03:03:18+00:00",5,8,"","",38,2,4
3,3,0.7,"2022-10-10 23:40:08+00:00",4,8,"","",34,1,5
4,3,0.51,"2022-05-18 11:52:15+00:00",1,8,"","",24,1,7
5,2,0.11,"2022-05-20 05:01:16+00:00",5,8,"","",16,3,4
6,1,0.71,"2022-01-02 06:35:14+00:00",1,8,"","",12,3,8
7,4,0.86,"2022-01-23 08:11:26+00:00",1,8,"","",23,1,1
8,2,0.56,"2022-07-07 20:52:48+00:00",2,8,"","",36,2,9
9,2,0.81,"2022-04-30 04:21:44+00:00",5,8,"","",36,2,13
10,4,0.55,"2022-02-08 05:57:13+00:00",1,8,"","",8,1,11
11,4,0.43,"2022-06-16 04:19:38+00:00",3,8,"","",32,1,1
12,2,0.95,"2022-03-26 01:52:36+00:00",5,8,"","",19,1,1
13,1,0.87,"2022-07-05 02:07:20+00:00",3,8,"","",37,1,15
14,2,0.4,"2022-10-06 03:57:55+00:00",2,8,"","",27,1,3
15,1,0.43,"2022-05-25 17:49:25+00:00",4,8,"","",30,3,8
16,3,0.63,"2022-09-26 12:35:39+00:00",5,8,"","",35,2,1
17,1,0.27,"2022-07-15 00:28:58+00:00",2,8,"","",31,3,2
18,4,0.32,"2022-02-15 06:54:25+00:00",1,8,"","",9,3,15
19,1,0.07,"2022-03-26 16:39:16+00:00",3,8,"","",24,2,15
20,4,0.26,"2022-07-06 13:13:43+00:00",3,8,"","",19,1,1
21,3,0.76,"2022-07-29 18:46:41+00:00",5,8,"","",42,2,12
22,4,0.99,"2022-09-08 07:05:40+00:00",1,8,"","",36,3,12
23,2,0.23,"2022-09-05 19:21:14+00:00",3,8,"","",37,1,6
24,1,0.09,"2022-05-08 04:33:34+00:00",5,8,"","",43,1,12
25,3,0.58,"2022-06-10 00:42:48+00:00",3,8,"","",25,3,2
26,4,0.48,"2022-03-07 20:37:30+00:00",3,8,"","",11,1,1
27,1,0.52,"2022-07-30 05:40:18+00:00",2,8,"2022-09-23 05:40:18+00:00","Factor.",41,1,1
28,1,0.77,"2022-01-11 14:49:53+00:00",3,8,"","",50,2,5
1,2,0.49,"2022-10-21 03:42:09+00:00",5,44,"","",50,2,11
2,1,0.07,"2022-07-01 07:34:59+00:00",1,44,"","",12,1,15
3,2,0.58,"2022-02-01 21:17:52+00:00",3,44,"","",23,3,3
4,3,0.66,"2022-07-03 01:07:28+00:00",3,44,"","",21,2,8
5,1,0.96,"2022-08-18 17:17:10+00:00",3,44,"","",2,2,8
6,4,0.61,"2022-04-27 15:17:50+00:00",4,44,"","",36,2,8
7,3,0.65,"2022-04-04 11:47:43+00:00",2,44,"","",22,2,7
8,2,0.11,"2022-09-23 17:50:38+00:00",4,44,"","",36,1,4
9,3,0.77,"2022-08-05 00:18:58+00:00",1,44,"","",6,2,3
10,3,0.39,"2022-01-18 00:55:00+00:00",2,44,"","",12,3,10
11,3,0.7,"2022-08-20 17:22:10+00:00",1,44,"","",34,3,1
12,2,0.32,"2022-10-13 08:50:49+00:00",1,44,"","",49,1,1
13,2,0.64,"2022-09-06 09:07:14+00:00",3,44,"","",7,1,7
14,3,0.5,"2022-04-27 01:38:07+00:00",5,44,"","",43,2,3
15,4,0.09,"2022-04-18 19:41:57+00:00",2,44,"","",29,1,10
16,1,0.12,"2022-10-04 23:25:15+00:00",3,44,"","",21,1,9
17,3,0.33,"2022-03-19 18:34:51+00:00",2,44,"","",46,3,12
18,3,0.89,"2022-07-15 21:13:54+00:00",2,44,"","",43,2,1
19,1,0.3,"2022-08-03 00:35:58+00:00",2,44,"","",16,2,13
20,1,0.29,"2022-04-07 04:03:18+00:00",4,44,"","",32,3,6
21,3,0.54,"2022-01-26 12:25:36+00:00",1,44,"","",30,3,2
22,1,0.43,"2022-06-27 18:21:08+00:00",3,44,"","",23,3,12
23,3,0.57,"2022-06-16 16:21:01+00:00",5,44,"","",20,2,3
24,4,0.86,"2022-08-20 22:19:07+00:00",1,44,"","",41,1,13
25,4,0.69,"2022-08-10 01:31:31+00:00",1,44,"","",3,1,15
26,3,0.59,"2022-09-04 13:04:52+00:00",5,44,"","",16,3,1
27,2,0.04,"2022-07-11 09:45:06+00:00",3,44,"2022-08-09 09:45:06+00:00","Exactly.",48,3,11
28,2,0.24,"2022-01-18 05:27:29+00:00",2,44,"","",44,3,14
29,3,0.97,"2022-02-08 14:54:22+00:00",5,44,"","",37,2,12
30,3,0.41,"2022-10-30 00:14:11+00:00",2,44,"","",42,2,8
1,1,0.88,"2022-01-02 01:53:52+00:00",2,66,"","",16,1,8
2,1,0.54,"2022-05-03 08:20:27+00:00",4,66,"","",45,2,13
3,4,0.13,"2022-10-11 03:25:41+00:00",5,66,"","",7,1,7
4,4,0.94,"2022-04-17 08:52:15+00:00",4,66,"","",9,3,1
5,2,0.57,"2022-02-11 00:53:33+00:00",3,66,"","",21,3,8
6,4,0.11,"2022-03-24 10:26:16+00:00",5,66,"","",19,3,2
7,2,0.64,"2022-07-06 13:58:34+00:00",3,66,"","",25,2,13
8,1,0.45,"2022-06-10 07:23:32+00:00",2,66,"","",46,1,2
9,4,0.91,"2022-09-16 02:56:11+00:00",2,66,"","",24,2,4
10,3,0.49,"2022-07-17 06:15:17+00:00",2,66,"","",23,1,8
11,1,0.57,"2022-01-03 10:50:07+00:00",3,66,"","",25,1,14
12,2,0.58,"2022-04-22 15:02:19+00:00",3,66,"","",47,1,4
1,4,0.11,"2022-04-12 08:58:04+00:00",1,3,"","",49,1,1
2,1,0.52,"2022-08-02 23:52:40+00:00",5,3,"","",5,2,2
3,2,0.71,"2022-04-29 07:50:12+00:00",4,3,"","",11,2,1
4,1,0.45,"2022-05-29 20:34:32+00:00",4,3,"","",4,1,12
5,3,0.34,"2022-01-07 21:02:50+00:00",2,3,"","",6,2,8
6,1,0.7,"2022-10-30 01:27:06+00:00",5,3,"","",33,3,1
7,3,0.41,"2022-07-08 01:13:51+00:00",2,3,"","",43,3,15
8,2,0.67,"2022-08-21 00:01:25+00:00",2,3,"","",15,2,6
9,1,0.77,"2022-05-21 20:00:13+00:00",5,3,"","",34,2,4
10,2,0.59,"2022-04-10 04:17:09+00:00",2,3,"","",46,2,4
11,4,0.1,"2022-06-30 22:04:58+00:00",3,3,"","",29,3,6
12,4,0.81,"2022-05-15 16:00:01+00:00",1,3,"","",5,3,6
1,1,0.23,"2022-08-02 01:02:53+00:00",2,81,"","",41,3,8
2,2,0.29,"2022-06-30 12:43:10+00:00",2,81,"","",15,3,14
3,1,0.23,"2022-10-13 20:04:26+00:00",1,81,"","",26,2,8
4,1,0.55,"2022-05-30 11:04:08+00:00",1,81,"","",27,3,7
5,3,0.91,"2022-06-20 04:14:57+00:00",4,81,"","",42,3,12
6,3,0.05,"2022-03-19 13:33:17+00:00",5,81,"","",33,1,8
7,1,0.19,"2022-02-24 10:50:22+00:00",3,81,"","",42,3,13
8,1,0.25,"2022-09-17 13:39:01+00:00",4,81,"","",8,2,4
9,4,0.19,"2022-09-07 22:17:52+00:00",3,81,"","",48,3,2
10,3,0.35,"2022-03-10 14:07:24+00:00",3,81,"","",2,1,2
11,1,0.37,"2022-07-01 20:54:33+00:00",1,81,"","",5,1,10
12,4,0.05,"2022-08-02 20:52:48+00:00",4,81,"","",32,2,5
13,1,0.72,"2022-09-11 14:46:19+00:00",1,81,"","",37,2,10
14,3,0.37,"2022-08-31 22:21:52+00:00",5,81,"","",42,3,13
15,3,0.08,"2022-10-10 17:57:25+00:00",5,81,"","",11,2,14
16,3,0.08,"2022-06-29 23:56:32+00:00",1,81,"","",31,3,14
